单品编码,首销日,末销日,在架天数,有销售天数,总销量,总销售额,总毛利,日均销量_在架,日均销量_有售,日销量标准差,非零日均,非零日标准差,单日最大销量,平均批发价,平均售价,损耗率,单位毛利,交易笔数,单品名称,分类名称,动销率,变异系数CV,非零CV,ADI,CV2,稳定性,毛利率,笔均重量,周CV,TOPSIS得分,梯队,排名,需求形态,销量份额,象限,毛利份额,贡献错位,梯队_y,需求形态_y,季节型,生命周期状态,动销率_y,日均销量_在架_y,近半年有销售,日毛利产出,货位周转速度,卖完一货位天数
102900005116714,2020-07-01,2023-06-30,1095,1076,27537.228000000003,269874.2472,71792.41274992285,25.148153424657536,25.59221933085502,15.759604313951362,25.59221933085502,15.759604313951362,152.132,6.846552044609665,9.800341820897875,0.0926,2.607103835938855,58905,西兰花,花菜类,0.982648401826484,0.6266704376989848,0.6157967040768106,1.0176579925650555,0.3792055807518631,0.6147526732056158,0.2660217249136725,0.4674854087089382,0.4271544608446431,0.8061164778378007,热销,1,Smooth,0.0584684416921716,引流品(量大但利薄),0.0715097222040299,0.0130412805118582,热销,Smooth,弱季节型(全年均衡),活跃在架,0.982648401826484,25.148153424657536,True,65.56384726020352,10.059261369863014,0.09941087752187693
102900005116899,2020-07-08,2023-06-30,1088,1057,27149.44,211652.1013,53583.458901101,24.95352941176471,25.68537369914853,20.213158031383767,25.68537369914853,20.213158031383767,157.132,5.820842005676442,7.795818304171282,0.0554,1.9736487714332596,39285,净藕(1),水生根茎类,0.9715073529411764,0.8100320278482921,0.7869520711724677,1.0293282876064334,0.6192935623226367,0.5524764118062417,0.2531676206944466,0.6910892198039965,0.6367616791507766,0.7806026882103504,热销,2,Erratic,0.0576450705065561,引流品(量大但利薄),0.0533724681199393,-0.0042726023866167,热销,Erratic,弱季节型(全年均衡),活跃在架,0.9715073529411764,24.95352941176471,True,49.249502666453125,9.981411764705884,0.10018622851889393
102900011034026,2022-06-29,2023-06-30,367,337,5821.571,47414.9774,16059.316706613668,15.86259128065395,17.274691394658753,10.21312388166992,17.274691394658753,10.21312388166992,47.649,5.211483679525222,8.144704822804703,0.0943,2.758588138255751,12369,枝江青梗散花,花菜类,0.9182561307901907,0.6438496523658065,0.5912188905920348,1.089020771513353,0.3495397765928764,0.6083281391098104,0.3386971287813725,0.4706581777023203,0.5063835265501079,0.7631983879293515,热销,3,Smooth,0.0123606553488367,明星品(量大且利厚),0.0159960813752942,0.0036354260264575,热销,Smooth,弱季节型(全年均衡),活跃在架,0.9182561307901907,15.86259128065395,True,43.75835614881109,6.34503651226158,0.15760350599520304
102900011016701,2020-09-12,2023-06-30,1022,858,28164.331,205113.6991,52706.39154962884,27.558053816046968,32.825560606060606,23.12636749136789,32.825560606060606,23.12636749136789,249.974,5.359230769230768,7.282747071109198,0.057,1.8713880173340116,69945,芜湖青椒(1),辣椒类,0.8395303326810176,0.8391872534156051,0.7045231540416724,1.191142191142191,0.4963528745808261,0.5437184267903513,0.2569618303452889,0.4026639645435699,0.4753530699679554,0.7628923004670604,热销,4,Erratic,0.0597999386456952,引流品(量大但利薄),0.0524988543179284,-0.0073010843277668,热销,Erratic,弱季节型(全年均衡),活跃在架,0.8395303326810176,27.558053816046968,True,51.571811692396125,11.023221526418787,0.09071758175260758
102900011031100,2021-12-20,2023-06-30,558,488,10833.0,54979.4,24435.94190129181,19.413978494623656,22.19877049180328,14.965649872400306,22.19877049180328,14.965649872400306,210.0,3.180983606557377,5.075177697775317,0.0943,2.2556948122673144,10848,小米椒(份),辣椒类,0.8745519713261649,0.7708698078832614,0.6741657101201282,1.1434426229508197,0.4544994047017767,0.5646942511235821,0.4444563218458516,0.9986172566371682,0.460437274749839,0.7579649777743359,热销,5,Smooth,0.0230011760388988,明星品(量大且利厚),0.0243397226840947,0.0013385466451959,热销,Smooth,弱季节型(全年均衡),活跃在架,0.8745519713261649,19.413978494623656,True,43.792010575791785,7.765591397849462,0.12877319302132373
102900005116257,2020-07-01,2023-06-30,1095,1022,13602.001,117729.4239,35111.01268952411,12.421918721461187,13.309198630136986,9.06883144735024,13.309198630136986,9.06883144735024,109.43,5.647123287671233,8.655301811843712,0.0607,2.5813123149692543,27455,紫茄子(2),茄类,0.9333333333333332,0.7300668802221462,0.6813957548740031,1.0714285714285714,0.4643001747603124,0.5780123366511686,0.2982348127291236,0.4954289200509925,0.4971505351067984,0.7486667279201621,热销,6,Smooth,0.0288804596586613,引流品(量大但利薄),0.0349727592033426,0.0060922995446812,热销,Smooth,弱季节型(全年均衡),活跃在架,0.9333333333333332,12.421918721461187,True,32.064851771254894,4.968767488584475,0.20125715326737587
106949711300259,2022-01-16,2023-06-30,531,429,15596.0,58640.9,20728.90602712205,29.370998116760827,36.35431235431236,33.09566085720459,36.35431235431236,33.09566085720459,281.0,2.3645454545454547,3.7599961528597072,0.0045,1.3291168265659177,15591,金针菇(盒),食用菌,0.807909604519774,1.126814305923034,0.910364100265502,1.2377622377622377,0.8287627950522171,0.4701867940304274,0.3534888793849012,1.0003206978384966,0.7062865236250737,0.7277427669874456,热销,7,Erratic,0.0331142196531585,明星品(量大且利厚),0.0206472836726682,-0.0124669359804903,热销,Erratic,弱季节型(全年均衡),活跃在架,0.807909604519774,29.370998116760827,True,39.0374878100227,11.74839924670433,0.0851179789689664
106930274620090,2022-12-25,2023-02-18,56,51,708.0,2926.7,792.8200000000002,12.642857142857142,13.882352941176473,7.726958156541368,13.882352941176473,7.726958156541368,40.0,2.985294117647059,4.133757062146892,0.0,1.119802259887006,709,海鲜菇(袋)(2),食用菌,0.9107142857142856,0.6111718315908427,0.556602918055946,1.0980392156862746,0.3098068083883941,0.6206662631462578,0.2708921310691223,0.998589562764457,0.2767112378207693,0.7194193013334683,热销,9,Smooth,0.001503261574406,引流品(量大但利薄),0.00078969818378,-0.000713563390626,热销,Smooth,强季节-1月峰,活跃在架,0.9107142857142856,12.642857142857142,True,14.157500000000006,5.057142857142857,0.1977401129943503
102900011030059,2021-12-17,2023-06-30,561,400,14325.0,63994.9,21561.224389974603,25.53475935828877,35.8125,23.775207569808277,35.8125,23.775207569808277,151.0,2.618475,4.467357766143107,0.0943,1.5051465542739688,14328,云南生菜(份),花叶类,0.7130124777183601,0.9310918985453712,0.663880141565327,1.4025,0.4407368423647986,0.5178417457777476,0.3369209794839057,0.999790619765494,0.6423606975418483,0.7179102350148547,热销,10,Intermittent,0.0304155678719861,明星品(量大且利厚),0.0214763246901392,-0.0089392431818469,热销,Intermittent,弱季节型(全年均衡),活跃在架,0.7130124777183601,25.53475935828877,True,38.43355506234332,10.213903743315509,0.09790575916230367
102900005116530,2020-07-01,2023-03-14,987,821,11920.227,211198.3864,49063.48351069854,12.077231003039511,14.519155907429962,11.223364783824197,14.519155907429962,11.223364783824197,79.166,12.115444579780757,17.71764802801155,0.1382,4.115985669626807,47509,西峡香菇(1),食用菌,0.8318135764944276,0.929299504248911,0.7730039442637852,1.202192448233861,0.597535097847369,0.5183228409055682,0.2323099354451248,0.2509046075480435,0.6508682553635725,0.7121399537543672,热销,11,Erratic,0.0253096316487247,引流品(量大但利薄),0.048870290631315,0.0235606589825902,热销,Erratic,弱季节型(全年均衡),活跃在架,0.8318135764944276,12.077231003039511,True,49.70970973728321,4.830892401215804,0.20700109150605944
102900011032251,2022-02-18,2023-06-30,498,382,8235.0,40719.9,15267.99539582643,16.53614457831325,21.55759162303665,15.7283562057563,21.55759162303665,15.7283562057563,79.0,3.092356020942409,4.944735883424408,0.0943,1.854037085103392,8244,螺丝椒(份),辣椒类,0.7670682730923695,0.9511501384901808,0.7295970941832309,1.3036649214659686,0.5323119198406143,0.5125182220850569,0.3749516918220926,0.9989082969432316,0.6752880149525384,0.7089738171003263,热销,12,Erratic,0.0174849704311208,明星品(量大且利厚),0.0152078759794729,-0.0022770944516479,热销,Erratic,弱季节型(全年均衡),活跃在架,0.7670682730923695,16.53614457831325,True,30.658625292824162,6.614457831325301,0.15118397085610202
102900005115779,2020-07-01,2023-06-29,1094,810,15910.461,129756.9615,35621.95175368732,14.543382998171849,19.642544444444447,13.004183089323323,19.642544444444447,13.004183089323323,76.379,5.093543209876544,8.155449518401761,0.1525,2.238901296052158,39887,云南生菜,花叶类,0.7404021937842779,0.8941649333554645,0.6620416782613585,1.3506172839506172,0.4382991837551161,0.5279371307062082,0.274528251447128,0.3988883846867401,0.6780608152938011,0.7087713168956191,热销,13,Intermittent,0.0337818992265332,引流品(量大但利薄),0.0354816863885699,0.0016997871620367,热销,Intermittent,弱季节型(全年均衡),活跃在架,0.7404021937842779,14.543382998171849,True,32.56119904358987,5.817353199268739,0.171899481730919
102900011032022,2022-01-21,2023-06-30,526,441,5175.0,17567.699999999997,7633.9471016893,9.838403041825096,11.73469387755102,8.443119735736616,11.73469387755102,8.443119735736616,56.0,2.0152607709750567,3.394724637681159,0.0943,1.4751588602298165,5178,小皱皮(份),辣椒类,0.8384030418250951,0.858179899709654,0.719500638349729,1.1927437641723355,0.5176811685856675,0.5381610252894528,0.4345444822992936,0.999420625724218,0.6224151906265919,0.6995914606109154,热销,14,Erratic,0.0109878229485185,明星品(量大且利厚),0.0076038875927407,-0.0033839353557778,热销,Erratic,弱季节型(全年均衡),活跃在架,0.8384030418250951,9.838403041825096,True,14.513207417660267,3.9353612167300382,0.2541062801932367
102900011034330,2022-05-25,2023-06-30,402,293,4229.0,22604.9,7833.62745490982,10.519900497512438,14.433447098976108,6.976956252999386,14.433447098976108,6.976956252999386,57.0,3.465358361774744,5.345211633956018,0.002,1.852359294138052,4232,双孢菇(盒),食用菌,0.7288557213930348,0.6632150422572128,0.483388078063093,1.372013651877133,0.2336640340135308,0.6012451634894197,0.3465455478639507,0.9992911153119092,0.4077290249870609,0.698916755854588,热销,15,Intermittent,0.0089792276810212,明星品(量大且利厚),0.0078027816825401,-0.001176445998481,热销,Intermittent,弱季节型(全年均衡),活跃在架,0.7288557213930348,10.519900497512438,True,19.486635459974682,4.207960199004975,0.2376448332939229
102900011030097,2021-12-16,2023-06-30,562,410,8848.0,35692.09999999999,13043.088185933531,15.743772241992882,21.58048780487805,16.73596510150592,21.58048780487805,16.73596510150592,164.0,2.3106829268292683,4.033917269439421,0.0943,1.4741284116109326,8863,云南油麦菜(份),花叶类,0.7295373665480427,1.063021291483536,0.775513753573398,1.3707317073170733,0.6014215819815011,0.4847259716262509,0.3654334764817294,0.9983075707999548,0.6878545621332853,0.6898454412991369,热销,16,Lumpy,0.0187865231784526,明星品(量大且利厚),0.0129917295871878,-0.0057947935912648,热销,Lumpy,弱季节型(全年均衡),活跃在架,0.7295373665480427,15.743772241992882,True,23.208341967853258,6.297508896797153,0.15879294755877035
102900011033906,2022-04-16,2023-02-13,304,200,6484.736000000001,16003.2166,7928.881157800597,21.331368421052638,32.423680000000004,23.170007893319383,32.423680000000004,23.170007893319383,138.485,1.31645,2.4678285438296945,0.0943,1.22269914423665,6408,保康高山大白菜,花叶类,0.6578947368421053,1.08619416419868,0.7146014238149211,1.52,0.5106551949183125,0.4793417684514068,0.4954554672340432,1.0119750312109863,0.6215853723095996,0.6782713422095671,热销,21,Lumpy,0.0137687209731177,明星品(量大且利厚),0.0078976603134667,-0.005871060659651,热销,Lumpy,弱季节型(全年均衡),活跃在架,0.6578947368421053,21.331368421052638,True,26.08184591381776,8.532547368421055,0.1171982945797639
102900011034231,2022-04-16,2023-05-10,390,244,6931.0,22496.3,9459.444529093518,17.77179487179487,28.40573770491803,16.510731261172374,28.40573770491803,16.510731261172374,153.0,1.7737295081967217,3.245750973885442,0.0943,1.3648022693829922,6925,奶白菜(份),花叶类,0.6256410256410256,0.929041291567916,0.5812463465194142,1.598360655737705,0.3378473153421669,0.5183922212402227,0.4204889039127998,1.0008664259927798,0.4961739619384945,0.6761918709180619,热销,22,Intermittent,0.0147162513731753,明星品(量大且利厚),0.0094221969226216,-0.0052940544505536,热销,Intermittent,弱季节型(全年均衡),活跃在架,0.6256410256410256,17.77179487179487,True,24.254985972034664,7.108717948717948,0.14067234165344106
102900005115823,2020-07-01,2023-06-30,1095,919,7606.755999999999,56891.4632,17567.01839457754,6.946809132420091,8.277210010881392,6.889792535277019,8.277210010881392,6.889792535277019,43.597,4.354700761697497,7.479070342206323,0.1442999999999999,2.309396856501976,16644,上海青,花叶类,0.8392694063926941,0.991792404821232,0.832381022859098,1.191512513601741,0.6928581672159582,0.5020603540707609,0.3087812723821372,0.4570269166065849,0.7071359994191665,0.6726325656712254,热销,24,Erratic,0.0161510508484215,引流品(量大但利薄),0.0174978463215205,0.001346795473099,热销,Erratic,弱季节型(全年均衡),活跃在架,0.8392694063926941,6.946809132420091,True,16.042939173130176,2.7787236529680364,0.35987745630331774
102900011030110,2021-12-16,2023-06-30,562,386,6342.0,25351.6,8529.175356078173,11.284697508896798,16.430051813471504,11.293787672756576,16.430051813471504,11.293787672756576,102.0,2.273626943005181,3.9974140649637335,0.0943,1.3448715477890527,6354,菠菜(份),花叶类,0.6868327402135231,1.0008055301307466,0.6873860046805483,1.455958549222798,0.4724995194306868,0.4997986985445072,0.3364353869609087,0.9981114258734656,0.5943406780939006,0.6658626317727572,畅销,25,Intermittent,0.0134656566453149,明星品(量大且利厚),0.0084955907871095,-0.0049700658582054,畅销,Intermittent,弱季节型(全年均衡),活跃在架,0.6868327402135231,11.284697508896798,True,15.176468605121304,4.513879003558719,0.2215389467045096
102900011000328,2020-07-02,2023-06-30,1094,858,7792.181,82009.3451,22087.222432442664,7.122651736745887,9.081796037296035,7.384102490697372,9.081796037296035,7.384102490697372,64.215,7.794009324009324,10.52456880814242,0.1018,2.834536624911904,22678,螺丝椒,辣椒类,0.7842778793418648,1.0367069405629727,0.8130663208437208,1.275058275058275,0.6610768420903442,0.4909886543243117,0.2693256775250441,0.343600890731105,0.6954132348267239,0.661595693133488,畅销,26,Erratic,0.0165447546301082,引流品(量大但利薄),0.0220002515572829,0.0054554969271746,畅销,Erratic,弱季节型(全年均衡),活跃在架,0.7842778793418648,7.122651736745887,True,20.189417214298597,2.8490606946983545,0.35099287349716335
102900005115984,2020-07-01,2023-06-27,1092,782,10305.364,70665.1061,21607.683815334327,9.43714652014652,13.17821483375959,10.93138376494611,13.17821483375959,10.93138376494611,76.615,4.327531969309463,6.85711888488364,0.1281,2.09674144604056,23265,云南油麦菜,花叶类,0.7161172161172161,1.158335704718548,0.8295041401922202,1.3964194373401535,0.6880771185960345,0.4633199542655958,0.3057758631927438,0.4429556845046206,0.727950579223786,0.6576086217603366,畅销,27,Lumpy,0.0218808724738235,引流品(量大但利薄),0.0215226011763858,-0.0003582712974377,畅销,Lumpy,弱季节型(全年均衡),活跃在架,0.7161172161172161,9.43714652014652,True,19.78725624114865,3.774858608058608,0.2649105844296233
102900051010455,2020-07-01,2023-06-18,1083,904,7987.99,53478.1692,16819.995257589762,7.375798707294552,8.836272123893805,10.468528841603456,8.836272123893805,10.468528841603456,187.729,4.0534734513274335,6.6948217511539205,0.1561,2.1056605300694877,14372,黄白菜(2),花叶类,0.8347183748845799,1.4193078278085656,1.184722323489329,1.198008849557522,1.4035669837739542,0.4133413650406821,0.3145207756586731,0.5558022543835235,0.9484384287454262,0.6488138953561942,畅销,28,Erratic,0.0169605062482196,引流品(量大但利薄),0.016753764670552,-0.0002067415776676,畅销,Erratic,弱季节型(全年均衡),活跃在架,0.8347183748845799,7.375798707294552,True,15.53092821568769,2.9503194829178208,0.3389463431977256
102900011008164,2020-08-24,2023-06-30,1041,762,5816.308,27812.8544,8248.338626755216,5.5872315081652255,7.632950131233596,4.8400790458061485,7.632950131233596,4.8400790458061485,36.049,2.82011811023622,4.781874412427952,0.1568,1.4181399311651337,13355,奶白菜,花叶类,0.7319884726224783,0.8662750127201312,0.6341033234320268,1.3661417322834646,0.4020870247875416,0.5358267099887284,0.2965656997346959,0.4355153874953201,0.5775980403724431,0.6472747637620737,畅销,29,Intermittent,0.0123494806798168,引流品(量大但利薄),0.0082158598833923,-0.0041336207964245,畅销,Intermittent,弱季节型(全年均衡),活跃在架,0.7319884726224783,5.5872315081652255,True,7.923476106393099,2.2348926032660903,0.4474487939772103
102900011023464,2021-08-28,2023-06-30,672,492,3267.9930000000004,18780.4848,6691.396052369801,4.863084821428572,6.642262195121952,3.501281623706779,6.642262195121952,3.501281623706779,24.301,3.4114634146341465,5.7467946840767405,0.1033,2.047555197446812,7910,小青菜(1),花叶类,0.7321428571428571,0.7199713252540489,0.5271218631324287,1.3658536585365857,0.2778574585922029,0.5814050416522465,0.3562951714840609,0.4131470290771176,0.5257616457861388,0.6444127180774827,畅销,30,Intermittent,0.0069387687885986,明星品(量大且利厚),0.0066650479421674,-0.0002737208464312,畅销,Intermittent,弱季节型(全年均衡),活跃在架,0.7321428571428571,4.863084821428572,True,9.957434601740774,1.9452339285714288,0.5140769885370011
102900011034224,2022-04-18,2023-02-20,309,179,4057.0,12220.0,5736.57281660594,13.129449838187702,22.664804469273744,13.82228461826389,22.664804469273744,13.82228461826389,70.0,1.3682681564245809,3.012077890066552,0.0943,1.4139937926068376,4058,小青菜(份),花叶类,0.5792880258899676,1.0527695210854182,0.6098567775866985,1.7262569832402237,0.3719252891684318,0.4871467496610346,0.4694413106878838,0.9997535731887628,0.6498811094978307,0.6362905306179231,畅销,32,Intermittent,0.0086140285414762,明星品(量大且利厚),0.0057139844282378,-0.0029000441132384,畅销,Intermittent,弱季节型(全年均衡),活跃在架,0.5792880258899676,13.129449838187702,True,18.564960571540258,5.2517799352750805,0.19041163421247229
102900011023976,2023-02-05,2023-02-12,8,8,62.22099999999999,371.0292,95.08283204344876,7.777624999999999,7.777624999999999,7.769523334110383,7.777624999999999,7.769523334110383,25.154,3.70875,5.963086417768921,0.1162,1.5281469607278697,89,净藕(2),水生根茎类,1.0,0.998958336781522,0.998958336781522,1.0,0.9979177586253044,0.5002605515080808,0.2562677871268589,0.6991123595505617,,0.6266236892660784,畅销,35,Erratic,0.0001321107887303,问题品(量小且利薄),9.47084329020097e-05,-3.740235582838136e-05,畅销,Erratic,强季节-2月峰,活跃在架,1.0,7.777624999999999,True,11.885354005431095,3.1110499999999996,0.3214348853281047
102900011030400,2023-01-07,2023-01-07,1,1,3.0,44.5,-176.0,3.0,3.0,0.0,3.0,0.0,3.0,73.5,14.833333333333334,0.0,-58.66666666666666,3,洪山菜薹珍品手提袋,花叶类,1.0,0.0,0.0,1.0,0.0,1.0,-3.955056179775281,1.0,,0.619899700348497,畅销,37,Smooth,6.369752433923808e-06,问题品(量小且利薄),-0.0001753069805823,-0.0001816767330162,畅销,Smooth,强季节-1月峰,活跃在架,1.0,3.0,True,-175.99999999999997,1.2,0.8333333333333334
102900011032848,2022-03-16,2023-06-30,472,366,1868.0,7547.799999999999,4077.434536822348,3.957627118644068,5.103825136612022,3.617330675878844,5.103825136612022,3.617330675878844,25.0,1.6427322404371585,4.040578158458244,0.0943,2.18278080129676,1868,姜蒜小米椒组合装(小份),辣椒类,0.7754237288135594,0.9140150315925128,0.7087489439891096,1.289617486338798,0.502325065605678,0.5224619365543711,0.5402149681791182,1.0,0.4984576119343405,0.6169775592928622,畅销,39,Erratic,0.0039662325155232,明星品(量大且利厚),0.0040613791884797,9.514667295650556e-05,畅销,Erratic,弱季节型(全年均衡),活跃在架,0.7754237288135594,3.957627118644068,True,8.638632493267687,1.5830508474576273,0.6316916488222698
102900011035078,2022-08-14,2023-06-30,321,288,769.2080000000001,12936.7644,3968.361639704096,2.396286604361371,2.670861111111112,1.7697942265517883,2.670861111111112,1.7697942265517883,12.32,10.541597222222224,16.818291541429623,0.0943,5.1590228386913495,3188,红椒(2),辣椒类,0.897196261682243,0.7385569920270253,0.6626305722859293,1.1145833333333333,0.4390792753279781,0.5751896570466039,0.3067507080598991,0.2412823086574655,0.4479208157184169,0.6119239758890689,畅销,40,Smooth,0.0016332215100645,引流品(量大但利薄),0.0039527357779276,0.002319514267863,畅销,Smooth,弱季节型(全年均衡),活跃在架,0.897196261682243,2.396286604361371,True,12.362497319950455,0.9585146417445485,1.0432808811140808
102900005115786,2020-07-01,2023-06-30,1095,667,7240.763999999999,38934.738,10316.537826348693,6.6125698630136975,10.855718140929534,8.396472579917178,10.855718140929534,8.396472579917178,61.519,5.048110944527736,5.377158819152234,0.1362,1.4247858135341374,16186,竹叶菜,花叶类,0.6091324200913242,1.2697744982448416,0.7734608130861271,1.64167916041979,0.5982416293798529,0.4405724008148273,0.264970007666385,0.4473473372049919,0.7744252924384637,0.6046563827430984,畅销,41,Lumpy,0.0153739580374892,引流品(量大但利薄),0.0102759153204577,-0.0050980427170315,畅销,Lumpy,弱季节型(全年均衡),活跃在架,0.6091324200913242,6.6125698630136975,True,9.42149573182529,2.645027945205479,0.37806783925011234
102900011030141,2021-12-16,2023-02-18,430,287,3070.0,9086.0,4314.85061278569,7.1395348837209305,10.696864111498256,10.211509202941036,10.696864111498256,10.211509202941036,118.0,1.3502787456445997,2.9596091205211725,0.0943,1.4054887989529934,3071,上海青(份),花叶类,0.6674418604651163,1.4302765333109593,0.9546264303726636,1.4982578397212545,0.9113116215660542,0.4114758079145917,0.4748900080107517,0.9996743731683492,0.7622891747913649,0.6021991978065948,畅销,42,Lumpy,0.0065183799907153,明星品(量大且利厚),0.0042978604124504,-0.0022205195782649,畅销,Lumpy,弱季节型(全年均衡),活跃在架,0.6674418604651163,7.1395348837209305,True,10.03453630880393,2.855813953488372,0.3501628664495114
102900005118817,2020-07-01,2023-06-26,1091,730,5216.460999999999,52349.541,11826.646350349733,4.781357470210815,7.145836986301369,5.689379985265278,7.145836986301369,5.689379985265278,50.28,6.501287671232878,10.035451429618664,0.1851,2.267178140572648,14202,菠菜,花叶类,0.6691109074243813,1.1899089370982394,0.796181048654184,1.4945205479452055,0.6339042622360762,0.4566399922204345,0.2259169063268335,0.3673046753978312,0.6568649145014658,0.6012446985071946,畅销,43,Lumpy,0.0110758550504062,引流品(量大但利薄),0.0117800776255388,0.0007042225751326,畅销,Lumpy,弱季节型(全年均衡),活跃在架,0.6691109074243813,4.781357470210815,True,10.840189138725696,1.912542988084326,0.5228640643532081
102900005115960,2020-07-01,2023-03-28,1001,480,19187.218,38758.6857,9370.644506123765,19.16804995004995,39.97337083333333,38.89786429641774,39.97337083333333,38.89786429641774,244.4,1.4123958333333335,2.0200263373251923,0.2227,0.488379529858042,15178,大白菜,花叶类,0.4795204795204795,2.029307331615983,0.9730944247509208,2.0854166666666667,0.9469127594813256,0.3301084672272424,0.2417688922337158,1.2641466596389512,0.9750056019793906,0.6004578392663297,畅销,44,Lumpy,0.0407392761852422,引流品(量大但利薄),0.0093337465595394,-0.0314055296257027,畅销,Lumpy,弱季节型(全年均衡),活跃在架,0.4795204795204795,19.16804995004995,True,9.36128322290086,7.667219980019981,0.1304253696393088
102900011033944,2022-04-18,2023-05-24,402,293,1304.552,15390.1888,4338.763029877442,3.245154228855722,4.452395904436861,2.594965829792637,4.452395904436861,2.594965829792637,17.368,7.59136518771331,11.797298076274458,0.0943,3.325864380934943,5063,杏鲍菇(2),食用菌,0.7288557213930348,0.7996432979111909,0.5828245927561665,1.372013651877133,0.3396845059213913,0.5556656706141042,0.2819174661377411,0.257663835670551,0.4515062165808218,0.5999822684749025,畅销,45,Intermittent,0.0027698910923933,引流品(量大但利薄),0.0043216786717616,0.0015517875793682,畅销,Intermittent,弱季节型(全年均衡),活跃在架,0.7288557213930348,3.245154228855722,True,10.792942860391648,1.2980616915422887,0.7703794099430301
102900011036068,2022-12-29,2023-01-01,4,4,13.0,86.7,45.792414706856576,3.25,3.25,1.707825127659933,3.25,1.707825127659933,5.0,2.85,6.6692307692307695,0.0943,3.5224934389889677,13,菌蔬四宝(份),食用菌,1.0,0.5254846546645948,0.5254846546645948,1.0,0.2761341222879684,0.6555293735287477,0.5281708732048048,1.0,,0.5943267419092907,畅销,49,Smooth,2.760226054700317e-05,利润品(量小但利厚),4.56121020217776e-05,1.800984147477443e-05,畅销,Smooth,弱季节型(全年均衡),活跃在架,1.0,3.25,True,11.448103676714146,1.3,0.7692307692307693
102900051004294,2020-07-01,2023-01-26,940,747,2219.781,30873.0994,10575.574378308029,2.36146914893617,2.97159437751004,2.367772480107723,2.97159437751004,2.367772480107723,29.197,8.748460508701474,13.90817355405781,0.078,4.764242228538774,10608,青线椒,辣椒类,0.7946808510638298,1.0026692413806857,0.7968020460759278,1.2583668005354751,0.6348935006307849,0.4993335790739849,0.3425498114487342,0.2092553733031674,0.5279533358886084,0.5897913496920713,畅销,50,Erratic,0.0047131518091759,明星品(量大且利厚),0.0105339318874148,0.0058207800782389,畅销,Erratic,弱季节型(全年均衡),活跃在架,0.7946808510638298,2.36146914893617,True,11.25061104075322,0.944587659574468,1.058662994232314
102900005116509,2020-07-01,2023-06-29,1094,845,3516.7629999999995,23344.2111,7873.194424560479,3.2145914076782445,4.161849704142012,4.247998767179976,4.161849704142012,4.247998767179976,34.252,5.341396449704143,6.637982457163022,0.0501,2.2387617318996136,6002,青茄子(1),茄类,0.7723948811700183,1.3214739381911416,1.0206997054584228,1.2946745562130175,1.041827888722911,0.4307608125806423,0.3372653884440104,0.5859318560479839,0.9426131218233884,0.5893592141602048,畅销,51,Erratic,0.0074669698929277,明星品(量大且利厚),0.0078421928528825,0.0003752229599547,畅销,Erratic,弱季节型(全年均衡),活跃在架,0.7723948811700183,3.2145914076782445,True,7.196704227203363,1.2858365630712978,0.7777038145590136
102900005115762,2020-07-01,2023-06-30,1095,635,5100.061,25511.7896,5456.0613844869895,4.657589954337899,8.031592125984252,5.283431150435199,8.031592125984252,5.283431150435199,35.954,4.015338582677165,5.002251855418984,0.1852,1.0698031620576676,10299,苋菜,花叶类,0.5799086757990868,1.134370179048161,0.6578311083977919,1.7244094488188977,0.4327417671758674,0.4685222881280874,0.2138643141086029,0.495199631032139,0.6566582926697603,0.5826711771543994,畅销,53,Intermittent,0.0108287086559699,引流品(量大但利薄),0.0054345775408309,-0.0053941311151389,畅销,Intermittent,弱季节型(全年均衡),活跃在架,0.5799086757990868,4.657589954337899,True,4.982704460718712,1.8630359817351596,0.5367582858322676
102900005118831,2020-07-01,2023-06-30,1095,688,8982.0,45035.8,15117.106398687449,8.202739726027398,13.055232558139537,19.232126096239227,13.055232558139537,19.232126096239227,407.0,3.559651162790697,5.014005789356491,0.0248,1.6830445778988476,8994,娃娃菜,花叶类,0.628310502283105,2.3445978707840074,1.4731354658441982,1.5915697674418603,2.170128100728003,0.2989896061153653,0.335668654685549,0.99866577718479,0.9811846879154956,0.5824799618098705,畅销,54,Lumpy,0.0190710387871678,明星品(量大且利厚),0.0150575811244073,-0.0040134576627604,畅销,Lumpy,弱季节型(全年均衡),活跃在架,0.628310502283105,8.202739726027398,True,13.80557661980589,3.281095890410959,0.3047762191048764
102900011035740,2023-01-20,2023-06-30,162,137,371.0,2931.8,941.9351351351352,2.2901234567901234,2.708029197080292,1.9784150814314423,2.708029197080292,1.9784150814314423,10.0,4.912700729927007,7.902425876010782,0.0084,2.538908720040796,371,蟹味菇与白玉菇双拼(盒),食用菌,0.845679012345679,0.8638901433743764,0.7305737632240097,1.1824817518248176,0.5337380235112914,0.5365123065620195,0.321282193579076,1.0,0.4937169577209961,0.5813171624000473,畅销,56,Erratic,0.0007877260509952,引流品(量大但利薄),0.000938226161619,0.0001505001106237,畅销,Erratic,弱季节型(全年均衡),活跃在架,0.845679012345679,2.2901234567901234,True,5.814414414414416,0.9160493827160494,1.091644204851752
102900011034439,2022-07-26,2023-06-30,340,228,1257.0,4831.7,1575.964105112068,3.697058823529412,5.5131578947368425,3.862710311806077,5.5131578947368425,3.862710311806077,24.0,2.298421052631579,3.843834526650756,0.0943,1.2537502825076117,1259,青红杭椒组合装(份),辣椒类,0.6705882352941176,1.0448062895895511,0.700634805960052,1.4912280701754386,0.4908891313226797,0.4890438791640882,0.3261717625498412,0.9984114376489276,0.6119644998309413,0.5759749637328674,畅销,60,Lumpy,0.002668926269814,引流品(量大但利薄),0.0015697585725757,-0.0010991676972383,畅销,Lumpy,弱季节型(全年均衡),活跃在架,0.6705882352941176,3.697058823529412,True,4.635188544447258,1.4788235294117649,0.6762132060461415
102900005115908,2020-07-01,2023-06-28,1093,711,4496.717000000001,32783.3697,9709.598865701042,4.114105215004575,6.324496483825598,5.904253571711849,6.324496483825598,5.904253571711849,52.276,4.63506329113924,7.290512100272263,0.1369999999999999,2.159263939825664,10234,菜心,花叶类,0.6505032021957914,1.435124592870988,0.9335531432125092,1.5372714486638537,0.8715214712019557,0.4106566057965066,0.2961745224653048,0.439389974594489,0.9005602966657729,0.5745466984637182,畅销,62,Lumpy,0.0095476580184721,引流品(量大但利薄),0.0096713662489298,0.0001237082304576,畅销,Lumpy,弱季节型(全年均衡),活跃在架,0.6505032021957914,4.114105215004575,True,8.88343903540809,1.6456420860018302,0.6076655479986842
102900011030134,2021-12-16,2023-03-09,449,275,2053.0,6609.799999999999,2717.9042287733246,4.572383073496659,7.465454545454546,6.162762503309406,7.465454545454546,6.162762503309406,72.0,1.654981818181818,3.219581100828056,0.0943,1.323869570761483,2053,菜心(份),花叶类,0.6124721603563474,1.347822875784668,0.8255039885095404,1.6327272727272728,0.6814568350451594,0.425926508474703,0.4111931115575849,1.0,0.7243410600884861,0.5644026755646144,畅销,65,Lumpy,0.0043590339156151,明星品(量大且利厚),0.0027072021810124,-0.0016518317346027,畅销,Lumpy,弱季节型(全年均衡),活跃在架,0.6124721603563474,4.572383073496659,True,6.053238816867092,1.8289532293986634,0.546760837798344
102900005115878,2020-09-16,2023-05-06,963,514,4110.162,26871.0422,9222.744888573565,4.268080996884735,7.996424124513619,5.277883836214915,7.996424124513619,5.277883836214915,43.262,4.265875486381323,6.537708781308376,0.0626999999999999,2.2438884132969856,10128,茼蒿,花叶类,0.5337487019730011,1.2365941133889524,0.6600305028888074,1.8735408560311284,0.435640264743652,0.4471083930757427,0.343222448162936,0.405821682464455,0.5376559583753507,0.55868427928686,畅销,68,Intermittent,0.008726904801107,明星品(量大且利厚),0.0091864293130507,0.0004595245119437,畅销,Intermittent,弱季节型(全年均衡),活跃在架,0.5337487019730011,4.268080996884735,True,9.577097495922704,1.707232398753894,0.5857433356641417
102900011009970,2020-07-01,2023-06-16,1081,444,8393.786,58273.2038,14139.37885425609,7.764834412580943,18.904923423423423,11.951770122626195,18.904923423423423,11.951770122626195,88.508,4.394684684684684,6.94242190591945,0.1705999999999999,1.68450552042381,15270,青梗散花,花菜类,0.4107308048103608,1.5392176429752815,0.632204101277544,2.434684684684685,0.3996820256721471,0.3938220903460124,0.2426394626041839,0.5496912901113294,0.7286444243819238,0.5578991161048201,畅销,70,Intermittent,0.0178221129344451,引流品(量大但利薄),0.0140837034900526,-0.0037384094443925,畅销,Intermittent,弱季节型(全年均衡),活跃在架,0.4107308048103608,7.764834412580943,True,13.07990643316937,3.1059337650323773,0.3219643674499207
102900011013274,2020-08-07,2023-06-30,1058,698,2927.0,20492.9,7025.758824788612,2.7665406427221173,4.193409742120344,3.891441089304345,4.193409742120344,3.891441089304345,48.0,4.097277936962751,7.001332422275368,0.0657,2.4003275793606464,2921,白玉菇(袋),食用菌,0.6597353497164461,1.4066090442377852,0.9279897097145312,1.515759312320917,0.8611649013360599,0.4155224141595949,0.3428386819234277,1.0020540910647038,0.7642288341777644,0.5516211555478615,平销,74,Lumpy,0.0062147551246983,明星品(量大且利厚),0.0069980941242803,0.000783338999582,平销,Lumpy,弱季节型(全年均衡),活跃在架,0.6597353497164461,2.7665406427221173,True,6.640603804148027,1.106616257088847,0.9036556200888282
102900011032237,2022-02-07,2023-06-26,505,280,2307.0,9473.8,4361.146803577343,4.568316831683168,8.239285714285714,6.293584335578772,8.239285714285714,6.293584335578772,37.0,2.271642857142857,4.10654529692241,0.0943,1.8903974007704127,2307,青线椒(份),辣椒类,0.5544554455445545,1.3776593365701255,0.7638507212666044,1.8035714285714288,0.5834679243795117,0.4205816975625037,0.4603376473619185,1.0,0.7626391267480118,0.5513232092750046,平销,75,Lumpy,0.0048983396216874,明星品(量大且利厚),0.004343974306883,-0.0005543653148043,平销,Lumpy,弱季节型(全年均衡),活跃在架,0.5544554455445545,4.568316831683168,True,8.635934264509588,1.8273267326732672,0.547247507585609
102900005116233,2020-07-01,2023-03-16,989,755,3457.875,57285.8741,17482.616303082505,3.496334681496461,4.579966887417219,9.522219925273106,4.579966887417219,9.522219925273106,113.844,9.15543046357616,16.56678569930955,0.1176,5.055884409668511,12648,红椒(1),辣椒类,0.7633973710819009,2.7234863915251712,2.0791023514676485,1.309933774834437,4.322666587878306,0.2685655041672897,0.3051819768441397,0.2733930265654649,1.4862720504868996,0.5496851471176156,平销,76,Erratic,0.0073419358991514,引流品(量大但利薄),0.0174137765725726,0.0100718406734212,平销,Erratic,弱季节型(全年均衡),活跃在架,0.7633973710819009,3.496334681496461,True,17.677064007161277,1.3985338725985845,0.7150345226475798
102900005119975,2020-07-01,2023-06-30,1095,567,5159.433,30271.2539,10404.12271415156,4.71181095890411,9.0995291005291,7.906374703986696,9.0995291005291,7.906374703986696,55.159,4.559523809523809,5.867166779760489,0.0842,2.0165244347880007,13087,红薯尖,花叶类,0.5178082191780822,1.6779906437132592,0.8688773470186466,1.9312169312169312,0.7549478441621617,0.3734142993918067,0.3436964569925383,0.3942410789332926,0.8209669507143255,0.5441892383109718,平销,77,Lumpy,0.0109547703031389,明星品(量大且利厚),0.0103631553331018,-0.000591614970037,平销,Lumpy,弱季节型(全年均衡),活跃在架,0.5178082191780822,4.71181095890411,True,9.501481930732018,1.8847243835616438,0.5305815580898133
102900005116547,2020-07-01,2023-02-15,960,448,4697.47,37318.2425,14640.409342704774,4.893197916666667,10.485424107142858,7.15226444444453,10.485424107142858,7.15226444444453,71.46300000000001,4.496093749999999,7.944328010609966,0.0343,3.1166584018002825,11283,金针菇(1),食用菌,0.4666666666666667,1.4616748732119094,0.6821149408322243,2.142857142857143,0.4652807925065489,0.4062274879928534,0.3923124017082201,0.4163316493840291,0.5626395850393978,0.5422624725080073,平销,79,Intermittent,0.0099739069885946,明星品(量大且利厚),0.0145827611156755,0.0046088541270808,平销,Intermittent,弱季节型(全年均衡),活跃在架,0.4666666666666667,4.893197916666667,True,15.250426398650806,1.9572791666666667,0.5109133214262145
102900011021842,2020-12-18,2023-04-22,856,393,6052.0,64339.600000000006,13506.036103866658,7.070093457943925,15.399491094147583,16.483006083123083,15.399491094147583,16.483006083123083,131.0,7.357684478371501,10.631130204890946,0.1181,2.231664921326282,6004,洪湖莲藕(粉藕),水生根茎类,0.4591121495327103,2.331370325041864,1.0703604412867431,2.178117048346056,1.145671474271552,0.3001767748493807,0.2099179370693423,1.0079946702198537,0.8893634878801673,0.5359067121910347,平销,82,Lumpy,0.0128499139100356,引流品(量大但利薄),0.013452854596618,0.0006029406865824,平销,Lumpy,弱季节型(全年均衡),活跃在架,0.4591121495327103,7.070093457943925,True,15.77807956059189,2.8280373831775703,0.3536021150033047
102900011021675,2023-04-17,2023-04-19,3,3,2.388,61.6104,30.20236712328767,0.7959999999999999,0.7959999999999999,0.3928523895816341,0.7959999999999999,0.3928523895816341,1.165,12.003333333333332,25.8,0.0875,12.647557421812255,6,赤松茸,食用菌,1.0,0.4935331527407464,0.4935331527407464,1.0,0.2435749728542209,0.6695532658012473,0.4902154039462115,0.3979999999999999,,0.5343879854506878,平销,83,Smooth,5.070322937403351e-06,利润品(量小但利厚),3.0083441970582728e-05,2.5013119033179376e-05,平销,Smooth,强季节-4月峰,活跃在架,1.0,0.7959999999999999,True,10.067455707762555,0.31839999999999996,3.14070351758794
102900011032244,2022-02-12,2023-03-14,396,246,953.0,5585.1,1917.616285745832,2.406565656565657,3.8739837398373984,2.661205416558873,3.8739837398373984,2.661205416558873,16.0,3.41459349593496,5.860545645330536,0.0943,2.0121891770680294,952,红尖椒(份),辣椒类,0.6212121212121212,1.105810435422155,0.6869428462470962,1.6097560975609757,0.4718904740100617,0.4748765525988707,0.3433450226040415,1.0010504201680672,0.5006627884866911,0.5339503565722115,平销,84,Intermittent,0.0020234580231764,明星品(量大且利厚),0.0019100654600545,-0.0001133925631219,平销,Intermittent,弱季节型(全年均衡),活跃在架,0.6212121212121212,2.406565656565657,True,4.842465368045032,0.9626262626262628,1.0388247639034625
102900011033920,2022-04-17,2023-06-22,432,223,1882.768,13235.5698,5342.645244407639,4.35825925925926,8.442905829596413,6.782230653349688,8.442905829596413,6.782230653349688,46.499,3.999641255605381,7.0298463751242855,0.0943,2.8376545832559503,3393,黄心菜(2),花叶类,0.5162037037037037,1.5561787975189003,0.8033052589044325,1.937219730941704,0.6452993389835173,0.391208940849767,0.4036581216478975,0.5548977306218685,0.6328107739367747,0.5292620567261601,平销,86,Lumpy,0.0039975886835046,明星品(量大且利厚),0.0053216079893161,0.0013240193058115,平销,Lumpy,弱季节型(全年均衡),活跃在架,0.5162037037037037,4.35825925925926,True,12.367234362054722,1.7433037037037038,0.5736235160147187
106972776821582,2023-05-13,2023-06-18,37,31,128.0,867.0,398.2023848956608,3.45945945945946,4.129032258064516,7.69303553215015,4.129032258064516,7.69303553215015,41.0,3.2590322580645155,6.7734375,0.0943,3.11095613199735,92,鲜粽叶(袋)(3),花叶类,0.8378378378378378,2.2237680835121525,1.8631570429426143,1.1935483870967742,3.4713541666666674,0.3101960110326994,0.4592876411714657,1.391304347826087,1.260793400997959,0.5280915575812251,平销,87,Erratic,0.0002717761038474,利润品(量小但利厚),0.0003966344190723,0.0001248583152249,平销,Erratic,弱季节型(全年均衡),活跃在架,0.8378378378378378,3.45945945945946,True,10.762226618801646,1.383783783783784,0.7226562499999999
106971533455008,2022-01-13,2023-04-24,467,240,1775.0,6437.0,2706.9696048632222,3.8008565310492495,7.395833333333333,5.420168377834081,7.395833333333333,5.420168377834081,30.0,1.9925,3.626478873239437,0.013,1.5250532985144911,1776,海鲜菇(袋)(3),食用菌,0.5139186295503212,1.426038666168178,0.732867837002918,1.9458333333333333,0.5370952665133356,0.4121945845073675,0.4205327955356878,0.9994369369369368,0.6378811410240689,0.5260771045104545,平销,88,Lumpy,0.0037687701900715,明星品(量大且利厚),0.0026963106133904,-0.0010724595766811,平销,Lumpy,弱季节型(全年均衡),活跃在架,0.5139186295503212,3.8008565310492495,True,5.796508789857004,1.5203426124196997,0.6577464788732397
102900011030912,2022-02-08,2023-01-03,330,162,1301.0,8188.2,4081.498001545766,3.9424242424242415,8.030864197530864,5.383922280670504,8.030864197530864,5.383922280670504,37.0,2.868456790123457,6.293774019984627,0.0943,3.137200616099743,1305,海鲜菇(份),食用菌,0.4909090909090909,1.3656374731908272,0.670403850475497,2.037037037037037,0.4494413227323725,0.4227190393002933,0.4984609561986475,0.9969348659003832,0.6064786233989404,0.5206231619874764,平销,92,Intermittent,0.0027623493055116,明星品(量大且利厚),0.0040654266528624,0.0013030773473508,平销,Intermittent,弱季节型(全年均衡),活跃在架,0.4909090909090909,3.9424242424242415,True,12.368175762259893,1.5769696969696967,0.6341275941583399
102900005122654,2020-10-26,2023-03-10,866,384,4962.454,30845.2075,7905.608064206724,5.730316397228637,12.923057291666666,13.919004984989623,12.923057291666666,13.919004984989623,89.525,5.111380208333334,6.215716558783215,0.1138,1.5930844022346051,8732,枝江红菜苔,花叶类,0.4434180138568129,2.429011597286548,1.0770674981039654,2.255208333333333,1.1600743954719357,0.2916292265652651,0.2562993964040191,0.5683066880439761,0.9542856256207904,0.5179540918439353,平销,95,Lumpy,0.0105365344815783,引流品(量大但利薄),0.0078744788602465,-0.0026620556213317,平销,Lumpy,强季节-1月峰,活跃在架,0.4434180138568129,5.730316397228637,True,9.12887767229414,2.2921265588914546,0.43627608437277204
102900011035511,2022-09-10,2023-01-12,125,70,348.80000000000007,2552.8646,1036.6780260792757,2.7904000000000004,4.982857142857144,3.076864983099454,4.982857142857144,3.076864983099454,13.852,3.8872857142857153,7.318992545871557,0.0943,2.9721273683465466,632,净藕(3),水生根茎类,0.56,1.1026609027736,0.6174901055532159,1.7857142857142858,0.3812940304561217,0.4755878604490669,0.4060842185203538,0.5518987341772152,0.5127682419737167,0.510106626320593,平销,101,Intermittent,0.0007405898829842,明星品(量大且利厚),0.0010325959919773,0.0002920061089931,平销,Intermittent,弱季节型(全年均衡),活跃在架,0.56,2.7904000000000004,True,8.293424208634205,1.1161600000000003,0.8959288990825687
102900011022764,2021-01-30,2023-06-30,882,454,2496.4130000000005,26304.4744,9056.9684386681,2.8304002267573702,5.498707048458151,4.508605944034314,5.498707048458151,4.508605944034314,50.208,7.614889867841409,10.536908115764495,0.069,3.627992819564751,5905,长线茄,茄类,0.5147392290249433,1.592921701112061,0.8199392883275236,1.94273127753304,0.6723004365430459,0.385665328641091,0.3443128458277844,0.4227625740897545,0.7076152756597974,0.5096681412922606,平销,102,Lumpy,0.0053005109276096,明星品(量大且利厚),0.0090213056262065,0.0037207946985968,平销,Lumpy,弱季节型(全年均衡),活跃在架,0.5147392290249433,2.8304002267573702,True,10.268671699170183,1.132160090702948,0.8832673119391701
102900011031582,2022-01-08,2023-01-07,365,193,932.0,3243.5,1501.101854918847,2.5534246575342467,4.829015544041451,3.1847271541895275,4.829015544041451,3.1847271541895275,22.0,1.7572538860103626,3.4801502145922747,0.0943,1.6106243078528402,932,青尖椒(份),辣椒类,0.5287671232876713,1.2472375657501904,0.6594982196980459,1.89119170984456,0.434937901784892,0.4449907812333015,0.4628031000212261,1.0,0.476846866869531,0.506698720017893,平销,103,Intermittent,0.0019788697561389,明星品(量大且利厚),0.001495191100752,-0.0004836786553869,平销,Intermittent,弱季节型(全年均衡),活跃在架,0.5287671232876713,2.5534246575342467,True,4.112607821695471,1.0213698630136987,0.9790772532188841
102900011035771,2022-10-14,2023-01-15,94,70,155.49600000000004,1169.1042000000002,450.9845466931655,1.6542127659574473,2.221371428571429,2.361775886552803,2.221371428571429,2.361775886552803,12.256,4.847571428571428,7.518548387096774,0.0943,2.900296770934078,445,黄白菜(1),花叶类,0.7446808510638298,1.427734046766241,1.06320620503869,1.3428571428571427,1.1304074344327733,0.4119067330838842,0.3857522252449058,0.3494292134831461,0.6255219626877979,0.5028494943170136,平销,105,Lumpy,0.0003301570081551,利润品(量小但利厚),0.0004492087452844,0.0001190517371293,平销,Lumpy,弱季节型(全年均衡),活跃在架,0.7446808510638298,1.6542127659574473,True,4.797707943544314,0.661685106382979,1.511292894994083
102900005116226,2020-07-01,2023-04-30,1034,617,1186.531,13361.2127,4823.548902830189,1.1475154738878142,1.923064829821718,1.4261913221404456,1.923064829821718,1.4261913221404456,12.215,6.731961102106969,11.260736297660998,0.0672,4.065253164755231,3551,青尖椒,辣椒类,0.5967117988394585,1.242851494898339,0.7416241512110977,1.6758508914100487,0.5500063816595812,0.4458609953778177,0.3610113102106509,0.334139960574486,0.5655913403850993,0.4918206806708662,平销,110,Lumpy,0.002519302908392,明星品(量大且利厚),0.0048045556468543,0.0022852527384623,平销,Lumpy,弱季节型(全年均衡),活跃在架,0.5967117988394585,1.1475154738878142,True,4.664940911828035,0.4590061895551257,2.178619859068158
102900011030929,2022-07-04,2023-06-26,358,182,741.0,1607.1,368.3123219609141,2.069832402234637,4.071428571428571,2.577067832031565,4.071428571428571,2.577067832031565,19.0,1.510879120879121,2.168825910931174,0.0943,0.4970476679634468,741,鲜木耳(份),食用菌,0.5083798882681564,1.245061111831714,0.6329640289200336,1.967032967032967,0.4006434619066811,0.4454221734677475,0.2291782228616229,1.0,0.5237636659604478,0.4876160608822916,平销,113,Intermittent,0.0015733288511791,引流品(量大但利薄),0.0003668620515581,-0.001206466799621,平销,Intermittent,弱季节型(全年均衡),活跃在架,0.5083798882681564,2.069832402234637,True,1.0288053686059053,0.8279329608938548,1.2078272604588394
102900011032213,2022-02-08,2023-01-28,355,192,707.0,3399.2000000000003,1368.085944573258,1.991549295774648,3.6822916666666665,2.7606242101503806,3.6822916666666665,2.7606242101503806,15.0,2.6540625,4.807920792079209,0.0943,1.935057913116348,709,红杭椒(份),辣椒类,0.5408450704225352,1.3861691578548587,0.7497027557975574,1.8489583333333333,0.562054222050452,0.4190817724335141,0.4024729185023705,0.997179125528914,0.6864464955178889,0.4859934058054176,平销,115,Lumpy,0.0015011383235947,明星品(量大且利厚),0.0013626989552287,-0.0001384393683659,平销,Lumpy,弱季节型(全年均衡),活跃在架,0.5408450704225352,1.991549295774648,True,3.8537632241500224,0.7966197183098591,1.2553041018387554
102900005115793,2020-07-01,2023-02-20,965,478,1707.303,26916.7509,8541.789867644195,1.7692259067357512,3.57176359832636,2.486447011007143,3.57176359832636,2.486447011007143,11.493,9.878305439330545,15.765655481188752,0.0759,5.003089590801513,3970,小白菜,花叶类,0.4953367875647668,1.4053869556967291,0.6961398599202452,2.018828451882845,0.4846107045697786,0.4157335257978674,0.317341045335609,0.4300511335012594,0.7403505965052796,0.483846553828675,平销,117,Intermittent,0.0036250324798984,引流品(量大但利薄),0.0085081556276445,0.004883123147746,平销,Intermittent,弱季节型(全年均衡),活跃在架,0.4953367875647668,1.7692259067357512,True,8.851595717766005,0.7076903626943005,1.413047361833254
102900005125808,2020-07-01,2023-05-02,1036,585,1447.353,40930.5079,14456.629846037817,1.3970588803088804,2.474107692307693,2.282531741521625,2.474107692307693,2.282531741521625,30.453,16.683247863247864,28.279561309507773,0.0586,9.988323405580958,13335,小米椒,辣椒类,0.5646718146718147,1.6338121275296376,0.9225676588849788,1.7709401709401709,0.8511310852205104,0.3796778022044958,0.3531993759119176,0.1085379077615298,0.7587184330097927,0.4786498087349561,平销,118,Lumpy,0.0030730934314989,明星品(量大且利厚),0.0143997052710526,0.0113266118395536,平销,Lumpy,弱季节型(全年均衡),活跃在架,0.5646718146718147,1.3970588803088804,True,13.954275913163917,0.5588235521235522,1.7894736114824785
102900011030905,2022-08-29,2023-04-17,232,130,470.0,2190.2000000000003,1306.717610687866,2.0258620689655173,3.615384615384616,3.216682810060183,3.615384615384616,3.216682810060183,22.0,1.7596923076923077,4.66,0.0943,2.780250235506098,470,鱼腥草(份),花叶类,0.5603448275862069,1.587809387093537,0.8897207772506889,1.7846153846153847,0.7916030614715699,0.3864272248904454,0.5966202222116089,1.0,0.8526397734611046,0.4763445897000913,平销,119,Lumpy,0.0009979278813147,明星品(量大且利厚),0.0013015722659286,0.0003036443846139,平销,Lumpy,弱季节型(全年均衡),活跃在架,0.5603448275862069,2.0258620689655173,True,5.63240349434425,0.810344827586207,1.2340425531914894
102900005125815,2020-07-01,2023-05-22,1056,452,2404.977,24371.7466,9119.3550254871,2.27744034090909,5.320745575221238,3.961888698219035,5.320745575221238,3.961888698219035,42.436,5.9659292035398215,10.133879284500434,0.0504999999999999,3.791867874614643,7581,杏鲍菇(1),食用菌,0.428030303030303,1.739623483018466,0.7446115665950253,2.336283185840708,0.5544463851070978,0.3650136619862152,0.3741773281643712,0.3172374356944994,0.6877007303089533,0.4746915552495518,平销,120,Lumpy,0.0051063693664269,明星品(量大且利厚),0.0090834465589569,0.00397707719253,平销,Lumpy,弱季节型(全年均衡),活跃在架,0.428030303030303,2.27744034090909,True,8.6357528650446,0.9109761363636361,1.097723595693431
102900011031926,2022-01-19,2023-06-30,528,245,1109.0,5935.4,2314.1457215413493,2.100378787878788,4.526530612244898,3.092214941087847,4.526530612244898,3.092214941087847,28.0,2.954408163265306,5.352028854824166,0.0943,2.0866958715431463,1109,虫草花(份),食用菌,0.4640151515151515,1.472217753737045,0.6831313440635911,2.1551020408163266,0.4666684332421285,0.4044951131381463,0.3898887558616689,1.0,0.5034777660296893,0.4746594442648205,平销,121,Intermittent,0.0023546851497405,明星品(量大且利厚),0.0023050335174484,-4.965163229204202e-05,平销,Intermittent,弱季节型(全年均衡),活跃在架,0.4640151515151515,2.100378787878788,True,4.382851745343465,0.8401515151515152,1.1902614968440035
102900005116837,2020-07-07,2023-02-06,945,362,2542.9590000000003,19641.6622,6404.780604977377,2.690961904761905,7.024748618784531,4.907912310995573,7.024748618784531,4.907912310995573,45.035,4.718011049723757,7.723939788254549,0.1159999999999999,2.5186330589590225,6884,平菇,食用菌,0.383068783068783,1.8238505354946013,0.6986602051312653,2.610497237569061,0.4881260822340616,0.3541263914043696,0.3260813947292799,0.3694013654851831,0.6904284456509279,0.4730391506544764,平销,122,Intermittent,0.0053993397598728,引流品(量大但利薄),0.0063795610747207,0.0009802213148478,平销,Intermittent,弱季节型(全年均衡),活跃在架,0.383068783068783,2.690961904761905,True,6.777545613732674,1.076384761904762,0.9290358200820382
102900005116790,2020-07-01,2023-04-15,1019,447,2911.2989999999995,17937.9581,6542.368619247985,2.8570157016683018,6.512973154362415,7.298986026648832,6.512973154362415,7.298986026648832,68.96,3.318456375838926,6.161496328614822,0.1064,2.247233492419702,4806,黄心菜(1),花叶类,0.4386653581943081,2.5547588073760754,1.1206841873376896,2.279642058165548,1.2559330477487378,0.281313038151847,0.3647220370777868,0.6057634207240948,0.7737751735634476,0.4714837140659811,平销,123,Lumpy,0.0061814179637099,明星品(量大且利厚),0.0065166073210053,0.0003351893572953,平销,Lumpy,弱季节型(全年均衡),活跃在架,0.4386653581943081,2.8570157016683018,True,6.420381373157983,1.1428062806673207,0.8750389430972224
102900011035788,2022-10-13,2023-02-18,129,65,379.0,1848.5,812.848018107541,2.937984496124031,5.830769230769231,5.737947234119399,5.830769230769231,5.737947234119399,34.0,2.484153846153846,4.87730870712401,0.0943,2.144717725877417,379,西峡香菇(份),食用菌,0.5038759689922481,1.953021617945653,0.984080660205174,1.984615384615385,0.968414745789851,0.3386361934917619,0.43973384804303,1.0,0.534520634145116,0.4654533759624176,平销,125,Lumpy,0.0008047120574857,明星品(量大且利厚),0.0008096473393566,4.935281870901368e-06,平销,Lumpy,弱季节型(全年均衡),活跃在架,0.5038759689922481,2.937984496124031,True,6.30114742719024,1.1751937984496124,0.8509234828496043
102900005118824,2020-07-01,2023-06-30,1095,544,1179.652,16257.7663,2597.450384805654,1.0773077625570775,2.1684779411764707,1.6250522608030924,2.1684779411764707,1.6250522608030924,10.501,8.41935661764706,13.781832523489978,0.2925,2.201878507225566,3559,高瓜(1),水生根茎类,0.4968036529680365,1.508438272964727,0.7493976442856726,2.012867647058824,0.5615968292609155,0.3986544180806564,0.1597667438980011,0.331456026973869,0.7356681279389242,0.4528256460063128,平销,128,Lumpy,0.002504697066061,引流品(量大但利薄),0.0025872226373448,8.252557128378543e-05,平销,Lumpy,弱季节型(全年均衡),活跃在架,0.4968036529680365,1.0773077625570775,True,2.3721008080416923,0.430923105022831,2.3205996344684707
102900011036686,2023-05-15,2023-06-30,47,25,27.0,96.9,32.507817157999334,0.574468085106383,1.08,0.2768874620972691,1.08,0.2768874620972691,2.0,2.1452,3.588888888888889,0.0943,1.2039932280740493,27,木耳菜(份),花叶类,0.5319148936170213,0.481989285873024,0.2563772797196936,1.88,0.06572930955647,0.6747687109025966,0.3354779892466391,1.0,0.483377085196343,0.4508886054686321,平销,130,Intermittent,5.732777190531427e-05,利润品(量小但利厚),3.237981404142777e-05,-2.4947957863886506e-05,平销,Intermittent,弱季节型(全年均衡),活跃在架,0.5319148936170213,0.574468085106383,True,0.6916556842127518,0.22978723404255322,4.351851851851851
102900011035764,2022-10-15,2023-02-08,117,63,186.831,1578.3292,538.4527618858343,1.596846153846154,2.9655714285714287,2.34515748638438,2.9655714285714287,2.34515748638438,10.321,5.17047619047619,8.447897832800766,0.0943,2.8820311505362293,263,龙牙菜,花叶类,0.5384615384615384,1.4686183016039756,0.7907944700944484,1.8571428571428568,0.6253558939319593,0.4050849008735994,0.3411536464546397,0.710384030418251,0.6922345151577317,0.4488309483543896,平销,131,Lumpy,0.0003966890723274,利润品(量小但利厚),0.0005363325447296,0.0001396434724021,平销,Lumpy,弱季节型(全年均衡),活跃在架,0.5384615384615384,1.596846153846154,True,4.602160357998584,0.6387384615384616,1.565586010886844
102900005116943,2020-07-01,2023-03-01,974,588,658.56,15118.5445,5062.528879513387,0.6761396303901437,1.12,1.2739692095370203,1.12,1.2739692095370203,18.426,13.648979591836731,22.95697354834791,0.0999,7.687270528901524,4310,红杭椒,辣椒类,0.6036960985626283,1.8841806518602076,1.137472508515197,1.6564625850340136,1.293843707627855,0.3467189197580362,0.3348555728703505,0.1527981438515081,0.7868162562055001,0.4444028061013442,平销,135,Lumpy,0.0013982880542949,明星品(量大且利厚),0.0050425946135132,0.0036443065592183,平销,Lumpy,弱季节型(全年均衡),活跃在架,0.6036960985626283,0.6761396303901437,True,5.197668254120521,0.2704558521560575,3.6974611273080664
102900005115946,2020-07-01,2023-06-30,1095,421,1566.64,11099.5006,4439.192990951401,1.4307214611872143,3.721235154394299,2.272301793818285,3.721235154394299,2.272301793818285,16.849,3.9806888361045134,7.084908211203596,0.0761,2.833575672108079,3868,木耳菜,花叶类,0.3844748858447488,1.5882209468869828,0.6106310672506117,2.6009501187648456,0.372870300291621,0.3863657780850446,0.3999452904170662,0.4050258531540848,0.5897205242931673,0.4416092972105208,平销,137,Intermittent,0.0033263696510274,明星品(量大且利厚),0.0044217131787836,0.0010953435277562,平销,Intermittent,弱季节型(全年均衡),活跃在架,0.3844748858447488,1.4307214611872143,True,4.054057525983014,0.5722885844748857,1.74737016800286
102900011032343,2022-03-05,2023-06-29,482,258,370.033,8980.4066,3711.6192752787897,0.7677033195020747,1.4342364341085272,1.0552154860934877,1.4342364341085272,1.0552154860934877,5.841,12.87046511627907,24.26920463850521,0.0943,10.030508833749394,1058,七彩椒(2),辣椒类,0.5352697095435685,1.3745094742821882,0.7357332870639098,1.8682170542635657,0.5413034696938656,0.421139612551893,0.4133019183428498,0.3497476370510397,0.7892184417294082,0.436601472952107,平销,141,Lumpy,0.0007856728674607,明星品(量大且利厚),0.003697004364888,0.0029113314974273,平销,Lumpy,弱季节型(全年均衡),活跃在架,0.5352697095435685,0.7677033195020747,True,7.7004549279642935,0.30708132780082986,3.256466315166485
102900005115250,2020-09-18,2023-06-30,1016,297,2810.7160000000003,60116.3443,16236.827932286998,2.766452755905512,9.463690235690237,11.27387771568933,9.463690235690237,11.27387771568933,125.417,13.82020202020202,21.38826701096802,0.108,5.776758638114629,11407,西峡花菇(1),食用菌,0.2923228346456692,4.075210643530103,1.191277127094922,3.420875420875421,1.419141193539531,0.1970361567701241,0.2700900748598414,0.2464027351626194,1.094313732367222,0.4303716163551413,平销,146,Lumpy,0.0059678550273561,引流品(量大但利薄),0.0161728936309321,0.0102050386035759,平销,Lumpy,弱季节型(全年均衡),活跃在架,0.2923228346456692,2.766452755905512,True,15.981129854613188,1.1065811023622047,0.9036843281213753
102900011030417,2023-01-11,2023-01-23,13,3,3.0,48.8,-374.2,0.2307692307692307,1.0,0.0,1.0,0.0,1.0,141.0,16.266666666666666,0.0,-124.73333333333332,3,洪山菜薹莲藕拼装礼盒,花叶类,0.2307692307692307,0.0,0.0,4.333333333333333,0.0,1.0,-7.668032786885246,1.0,,0.4299114629761648,平销,147,Intermittent,6.369752433923808e-06,问题品(量小且利薄),-0.0003727265462153,-0.0003790962986493,平销,Intermittent,强季节-1月峰,活跃在架,0.2307692307692307,0.2307692307692307,True,-28.78461538461537,0.09230769230769229,10.833333333333337
102900011012482,2022-11-01,2023-02-03,95,48,90.0,771.0,217.1623903143397,0.9473684210526316,1.875,0.9812063786211382,1.875,0.9812063786211382,4.0,5.558958333333333,8.566666666666666,0.0997,2.412915447937108,90,茶树菇(袋),食用菌,0.5052631578947369,1.0357178441000905,0.5233100685979404,1.9791666666666667,0.273853427895981,0.4912272115205927,0.2816632818603627,1.0,0.3356931725426434,0.4292205900063731,平销,148,Intermittent,0.0001910925730177,问题品(量小且利薄),0.0002163072894434,2.521471642574072e-05,平销,Intermittent,弱季节型(全年均衡),活跃在架,0.5052631578947369,0.9473684210526316,True,2.2859198980456816,0.37894736842105264,2.638888888888889
102900011034538,2023-01-31,2023-02-13,14,3,3.0,18.7,10.47431820691178,0.2142857142857142,1.0,0.0,1.0,0.0,1.0,2.4833333333333334,6.233333333333333,0.0943,3.491439402303927,3,花菇(一人份),食用菌,0.2142857142857142,0.0,0.0,4.666666666666667,0.0,1.0,0.5601239682840524,1.0,0.0,0.4267561921294835,平销,149,Intermittent,6.369752433923808e-06,利润品(量小但利厚),1.0433074423364872e-05,4.063321989441064e-06,平销,Intermittent,强季节-2月峰,活跃在架,0.2142857142857142,0.2142857142857142,True,0.748165586207984,0.08571428571428567,11.666666666666671
102900051000463,2020-08-27,2023-06-30,1038,501,1047.689,7804.088599999999,2829.905461399936,1.00933429672447,2.091195608782435,2.209836750002289,2.091195608782435,2.209836750002289,18.819,5.166167664670659,7.4488599193081155,0.0670999999999999,2.701093035624061,1773,圆茄子(2),茄类,0.4826589595375722,2.18940023852725,1.056733641138875,2.07185628742515,1.1166859883146247,0.3135385731524758,0.3626183154045607,0.5909131415679638,1.214473494520501,0.424730801535101,平销,150,Lumpy,0.0022245065192484,明星品(量大且利厚),0.0028187623964287,0.0005942558771803,平销,Lumpy,弱季节型(全年均衡),活跃在架,0.4826589595375722,1.00933429672447,True,2.726305839498975,0.403733718689788,2.4768800665082864
102900011001806,2020-07-16,2023-01-15,914,359,1071.0,6612.100000000001,1898.866385019412,1.1717724288840263,2.9832869080779942,2.1245438034460675,2.9832869080779942,2.1245438034460675,15.0,3.802590529247911,6.173762838468722,0.1242,1.772984486479376,1075,姬菇(包),食用菌,0.3927789934354486,1.8131027416897345,0.7121486698759462,2.5459610027855155,0.5071557280060793,0.3554793734264161,0.2871805303941881,0.9962790697674418,0.7016015899785376,0.4199187659154144,平销,154,Lumpy,0.0022740016189107,引流品(量大但利薄),0.0018913893891308,-0.0003826122297799,平销,Lumpy,弱季节型(全年均衡),活跃在架,0.3927789934354486,1.1717724288840263,True,2.0775343380956364,0.4687089715536105,2.1335200746965453
106971533450003,2021-10-11,2023-06-30,628,119,1303.0,4177.799999999999,1239.9,2.0748407643312103,10.949579831932772,6.029375462353499,10.949579831932772,6.029375462353499,25.0,2.329915966386554,3.206293169608595,0.0,0.9515732924021488,1300,海鲜菇(包),食用菌,0.1894904458598726,2.9059461169286243,0.5506490253415706,5.277310924369748,0.3032143491096216,0.2560199168303769,0.2967829958351285,1.0023076923076923,0.5296853352106013,0.4106393147343488,平销,157,Intermittent,0.0027665958071342,引流品(量大但利薄),0.0012350177569547,-0.0015315780501795,平销,Intermittent,弱季节型(全年均衡),活跃在架,0.1894904458598726,2.0748407643312103,True,1.9743630573248407,0.8299363057324841,1.2049117421335378
102900011009277,2020-12-02,2023-02-09,800,213,1671.424,10670.2154,2931.030976534053,2.08928,7.8470610328638495,8.085473597932356,7.8470610328638495,8.085473597932356,63.326,4.200328638497653,6.383907015814061,0.1101999999999999,1.75361307276553,2842,荸荠,水生根茎类,0.26625,3.869980853658847,1.030382402286668,3.755868544600939,1.0616878949420452,0.2053396163249171,0.2746927654838208,0.5881154116819142,0.7170404831738728,0.4060217948890312,平销,158,Lumpy,0.0035488523640395,引流品(量大但利薄),0.0029194897186901,-0.0006293626453494,平销,Lumpy,强季节-1月峰,活跃在架,0.26625,2.08928,True,3.6637887206675663,0.835712,1.1965844692908563
102900011022849,2021-02-05,2023-01-10,705,115,1375.1219999999998,4138.3678,1551.173407376434,1.950527659574468,11.95758260869565,7.358073266329803,11.95758260869565,7.358073266329803,35.351,2.0059130434782606,3.0094550156277045,0.0673,1.128026027782578,2341,本地黄心油菜,花叶类,0.1631205673758865,3.772350128034103,0.615347893225421,6.130434782608695,0.3786530296969642,0.2095403675697899,0.3748273431318584,0.5874079453225117,0.6289943691784304,0.4019330857143197,平销,159,Intermittent,0.0029197289021473,明星品(量大且利厚),0.0015450654909475,-0.0013746634111998,平销,Intermittent,弱季节型(全年均衡),活跃在架,0.1631205673758865,1.950527659574468,True,2.2002459679098356,0.7802110638297872,1.2817044596770324
102900011032367,2022-02-21,2023-02-17,362,182,214.81,3987.5684,1567.7290602627804,0.5933977900552486,1.1802747252747252,1.2072324778603136,1.1802747252747252,1.2072324778603136,9.534,10.377472527472529,18.56323448629021,0.0943,7.298212654265539,650,红灯笼椒(2),辣椒类,0.5027624309392266,2.0344404682530306,1.022840235420032,1.989010989010989,1.0462021471941068,0.3295500473521281,0.3931541488448902,0.330476923076923,0.9165045701892124,0.3887336643312302,滞销,163,Lumpy,0.000456095506777,利润品(量小但利厚),0.001561555954124,0.001105460447347,滞销,Lumpy,弱季节型(全年均衡),活跃在架,0.5027624309392266,0.5933977900552486,True,4.330743260394421,0.23735911602209944,4.213025464363857
102900011012994,2020-08-07,2023-02-11,919,327,1343.0,7085.200000000001,2384.1107480271203,1.4613710554951034,4.107033639143731,7.625685893445304,4.107033639143731,7.625685893445304,111.0,2.9742201834862385,5.275651526433359,0.1003,1.7752127684490844,1340,杏鲍菇(袋),食用菌,0.3558215451577802,5.218172253221321,1.8567381140406656,2.8103975535168195,3.4474764241312883,0.1608189608259807,0.3364916654472873,1.0022388059701492,1.0335803630407316,0.385654461614682,滞销,164,Lumpy,0.0028515258395865,明星品(量大且利厚),0.0023747230489233,-0.0004768027906631,滞销,Lumpy,弱季节型(全年均衡),活跃在架,0.3558215451577802,1.4613710554951034,True,2.594244557156823,0.5845484221980414,1.7107222635889798
102900011036242,2023-02-28,2023-04-18,50,24,45.0,249.3,98.1241139450149,0.9,1.875,1.3929168644626095,1.875,1.3929168644626095,6.0,3.2254166666666664,5.54,0.0943,2.1805358654447757,45,青红尖椒组合装(份),辣椒类,0.48,1.547685404958455,0.7428889943800584,2.083333333333333,0.5518840579710145,0.3925131407723031,0.393598531668732,1.0,0.8102700899698698,0.3832080155580651,滞销,165,Lumpy,9.554628650885712e-05,利润品(量小但利厚),9.773773942055087e-05,2.1914529116937514e-06,滞销,Lumpy,强季节-4月峰,活跃在架,0.48,0.9,True,1.9624822789002982,0.36,2.7777777777777777
102900005115885,2020-09-13,2023-04-23,953,303,939.575,13243.1145,4662.479626092636,0.9859129066107032,3.100907590759076,2.655318544772681,3.100907590759076,2.655318544772681,18.8,9.833597359735974,14.09479232631775,0.0046999999999999,4.962328314496061,2479,蔡甸藜蒿,花叶类,0.3179433368310598,2.6932587320526467,0.8563036682182076,3.145214521452145,0.7332559722039581,0.2707635918711327,0.3520682106986718,0.379013715207745,0.7486803637915135,0.3766524302058784,滞销,166,Lumpy,0.0019949533810346,明星品(量大且利厚),0.0046441205981643,0.0026491672171296,滞销,Lumpy,弱季节型(全年均衡),活跃在架,0.3179433368310598,0.9859129066107032,True,4.892423532101403,0.3943651626442813,2.5357209376579832
102900011032732,2022-03-15,2023-06-30,473,159,449.684,8966.074700000001,2181.889318527106,0.950706131078224,2.828201257861635,2.3987638899535826,2.828201257861635,2.3987638899535826,11.046,12.13572327044025,19.938611780717128,0.0943,4.8520501474971445,1926,高瓜(2),水生根茎类,0.3361522198731501,2.523139182065728,0.8481588371003186,2.974842767295597,0.7193734129513648,0.2838377788451912,0.2433494468350911,0.2334807892004153,1.0745285319756157,0.3658257392075416,滞销,168,Lumpy,0.0009547919178321,引流品(量大但利薄),0.0021732978886126,0.0012185059707804,滞销,Lumpy,弱季节型(全年均衡),活跃在架,0.3361522198731501,0.950706131078224,True,4.612873823524536,0.3802824524312896,2.6296243584383703
102900005115168,2020-10-30,2023-05-30,943,102,899.8369999999999,3506.0886,1410.5803477251332,0.9542279957582184,8.821931372549018,5.002378033030156,8.821931372549018,5.002378033030156,27.251,2.3068627450980395,3.8963596740298527,0.0438999999999999,1.5675954064181994,2087,牛首生菜,花叶类,0.1081654294803817,5.242329983260787,0.5670388741172856,9.245098039215684,0.3215330847601989,0.1601965936888253,0.4023230752711534,0.4311629132726401,0.6939405504383762,0.3577458954468119,滞销,171,Intermittent,0.0019105796402948,明星品(量大且利厚),0.0014050260319799,-0.0005055536083149,滞销,Intermittent,弱季节型(全年均衡),活跃在架,0.1081654294803817,0.9542279957582184,True,1.495843422826228,0.38169119830328735,2.6199189408748476
102900011006948,2020-07-01,2023-06-27,1092,269,732.615,11699.693,1892.681854279523,0.6708928571428572,2.7234758364312266,1.897267374186556,2.7234758364312266,1.897267374186556,11.003,9.398401486988844,15.96976993373054,0.2616,2.583460418199904,1588,外地茼蒿,花叶类,0.2463369963369963,2.827973727826647,0.6966345538327547,4.059479553903346,0.4852997015937613,0.2612348127498136,0.1617719246376398,0.4613444584382871,0.7404357301327168,0.343616976739721,滞销,176,Intermittent,0.0015555253931263,引流品(量大但利薄),0.0018852292106631,0.0003297038175367,滞销,Intermittent,弱季节型(全年均衡),活跃在架,0.2463369963369963,0.6708928571428572,True,1.7332251412816144,0.26835714285714285,3.726377428799574
102900005115748,2020-11-23,2023-03-16,844,92,718.676,2877.1296,1033.4782406489803,0.8515118483412323,7.811695652173913,5.749158387980868,7.811695652173913,5.749158387980868,23.17,2.646413043478261,4.00337509531416,0.0877999999999999,1.4380308242504,1305,白菜苔,花叶类,0.1090047393364928,6.751706860192705,0.7359680463717166,9.173913043478262,0.5416489652802012,0.1290038462542094,0.3592046186063292,0.5507095785440613,0.938033745096604,0.3418850807198059,滞销,177,Lumpy,0.0015259294000675,明星品(量大且利厚),0.0010294088060551,-0.0004965205940123,滞销,Lumpy,强季节-4月峰,活跃在架,0.1090047393364928,0.8515118483412323,True,1.224500285129124,0.34060473933649293,2.9359544495711556
102900051000944,2020-07-01,2023-06-30,1095,258,745.554,21463.0442,2169.6122447662933,0.6808712328767123,2.8897441860465114,2.2068624179975416,2.8897441860465114,2.2068624179975416,11.218,21.175387596899224,28.788047814108705,0.2405,2.910067204744785,2067,洪湖藕带,水生根茎类,0.2356164383561644,3.241233160451568,0.7636878131474927,4.244186046511628,0.5832190759499997,0.2357804822721722,0.1010859514870818,0.3606937590711175,0.7566191525469675,0.3383369420342127,滞销,178,Lumpy,0.0015829981353738,引流品(量大但利薄),0.0021610691571842,0.0005780710218103,滞销,Lumpy,弱季节型(全年均衡),活跃在架,0.2356164383561644,0.6808712328767123,True,1.9813810454486696,0.2723484931506849,3.671766230212701
102900005116219,2020-07-30,2023-04-13,988,314,438.593,6413.064,2587.5353305457274,0.44392004048583,1.3967929936305734,1.1510699086707288,1.3967929936305734,1.1510699086707288,7.756,8.79079617834395,14.62190231034239,0.0673,5.899627514679275,1872,红尖椒,辣椒类,0.3178137651821862,2.5929667590834327,0.8240805286965565,3.1464968152866244,0.679108717776796,0.2783215284338173,0.4034787943088869,0.2342911324786324,0.7707138902493524,0.3337214125099244,滞销,179,Lumpy,0.0009312429430839,明星品(量大且利厚),0.0025773466247049,0.0016461036816209,滞销,Lumpy,弱季节型(全年均衡),活跃在架,0.3178137651821862,0.44392004048583,True,2.6189628851677402,0.177568016194332,5.6316448278928295
102900011036266,2023-02-13,2023-02-17,5,2,3.0,14.7,4.510000000000002,0.6,1.5,0.7071067811865476,1.5,0.7071067811865476,2.0,3.395,4.9,0.0,1.503333333333334,3,鹿茸菇(盒),食用菌,0.4,1.1785113019775793,0.4714045207910317,2.5,0.2222222222222222,0.4590290622280608,0.3068027210884355,1.0,,0.3320902037862642,滞销,180,Intermittent,6.369752433923808e-06,问题品(量小且利薄),4.4922413774221794e-06,-1.877511056501629e-06,滞销,Intermittent,强季节-2月峰,活跃在架,0.4,0.6,True,0.9020000000000004,0.24,4.166666666666667
102900011000571,2020-12-03,2023-02-18,808,142,675.221,2840.2674,855.9980833712984,0.8356695544554456,4.755077464788733,4.290733869141807,4.755077464788733,4.290733869141807,28.465,2.982323943661972,4.206426340412991,0.122,1.2677302444256004,1317,随州泡泡青,花叶类,0.1757425742574257,5.134486288587855,0.9023478378458852,5.690140845070423,0.8142316204651442,0.1630128348090574,0.3013793994788302,0.512696279422931,0.788171511857192,0.3317407838930107,滞销,181,Lumpy,0.0014336635360621,引流品(量大但利薄),0.0008526274964777,-0.0005810360395844,滞销,Lumpy,弱季节型(全年均衡),活跃在架,0.1757425742574257,0.8356695544554456,True,1.0594035685288345,0.33426782178217823,2.9916131162982196
102900011033975,2022-07-30,2023-01-24,179,52,190.522,1201.1687999999997,354.6454478966545,1.064368715083799,3.663884615384616,4.134176593237449,3.663884615384616,4.134176593237449,23.06,4.068653846153847,6.304619938904692,0.0943,1.861440924914994,527,青茄子(2),茄类,0.2905027932960894,3.884158313420514,1.128358839652887,3.4423076923076925,1.2731936710228096,0.2047435680477916,0.2952502994555425,0.3615218216318785,1.2435877844638572,0.3288797739423936,滞销,183,Lumpy,0.000404525991072,问题品(量小且利薄),0.0003532489923183,-5.127699875365752e-05,滞销,Lumpy,弱季节型(全年均衡),活跃在架,0.2905027932960894,1.064368715083799,True,1.9812594854561705,0.42574748603351964,2.3488101111682638
102900011033982,2022-08-06,2023-06-29,328,44,297.158,3237.7046000000005,1750.1933048691617,0.9059695121951218,6.753590909090908,8.141376040249748,6.753590909090908,8.141376040249748,51.508,4.683863636363636,10.89556599519448,0.0943,5.8897734702386,608,紫茄子(1),茄类,0.1341463414634146,8.986368669872316,1.205488480104823,7.454545454545454,1.453202475665436,0.1001364993680716,0.5405660865012705,0.4887467105263157,1.231437194419483,0.3164139279344093,滞销,184,Lumpy,0.0006309409645866,明星品(量大且利厚),0.0017433017256364,0.0011123607610498,滞销,Lumpy,弱季节型(全年均衡),活跃在架,0.1341463414634146,0.9059695121951218,True,5.335955197771834,0.3623878048780487,2.7594747575363954
102900011032480,2023-02-15,2023-03-23,37,14,2.224,54.7254,17.775030000000005,0.0601081081081081,0.1588571428571428,0.0644955062750136,0.1588571428571428,0.0644955062750136,0.307,17.752857142857145,24.606744604316543,0.0,7.992369604316548,15,白蒿,花叶类,0.3783783783783784,1.0729917860501377,0.405996892018971,2.642857142857143,0.164833476329064,0.4823945790472195,0.3248040215329628,0.1482666666666666,0.2693271674701017,0.3021625759599915,滞销,187,Intermittent,4.72210980434885e-06,问题品(量小且利薄),1.770503885829724e-05,1.2982929053948387e-05,滞销,Intermittent,强季节-4月峰,活跃在架,0.3783783783783784,0.0601081081081081,True,0.4804062162162162,0.02404324324324324,41.59172661870504
102900011010891,2020-08-27,2023-06-05,1013,164,448.86,4659.098399999999,1238.0489487341083,0.4430997038499506,2.736951219512195,1.955911937385812,2.736951219512195,1.955911937385812,10.203,7.098475609756098,10.379847613955352,0.0797,2.758207344682325,892,野藕(1),水生根茎类,0.1618953603158933,4.414157627259786,0.714631639556372,6.176829268292683,0.5106983802550283,0.1847009394342514,0.2657271520030804,0.5032062780269058,0.7029360467410692,0.2964706409465971,滞销,188,Lumpy,0.0009530423591636,引流品(量大但利薄),0.0012331739944074,0.0002801316352437,滞销,Lumpy,弱季节型(全年均衡),活跃在架,0.1618953603158933,0.4430997038499506,True,1.222160857585497,0.17723988153998024,5.642071024372856
102900011001219,2020-07-01,2023-04-19,1023,272,278.612,4921.812099999999,1720.0893372899968,0.2723479960899315,1.0243088235294115,0.8911534257698511,1.0243088235294115,0.8911534257698511,7.187,10.268382352941176,17.665470618638107,0.0892999999999999,6.173780516596547,870,红灯笼椒(1),辣椒类,0.2658846529814271,3.272113026583772,0.8700046365892337,3.761029411764706,0.7569080676867646,0.2340762039247022,0.3494829348097212,0.3202436781609195,0.8375580437302353,0.2902794592215144,滞销,191,Lumpy,0.0005915631550401,明星品(量大且利厚),0.0017133162957509,0.0011217531407108,滞销,Lumpy,弱季节型(全年均衡),活跃在架,0.2658846529814271,0.2723479960899315,True,1.6814167519941314,0.10893919843597259,9.17943232883006
102900005117209,2020-07-01,2023-04-03,1007,284,263.192,5557.986400000001,1914.032508069508,0.2613624627606752,0.9267323943661973,1.4079955273955875,0.9267323943661973,1.4079955273955875,16.094,11.43588028169014,21.11761147755251,0.1598,7.272381030082631,861,七彩椒(1),辣椒类,0.282025819265144,5.387137512110386,1.519311870346921,3.545774647887324,2.30830855937706,0.1565646579714217,0.3443751694083864,0.3056817653890825,1.4908639401680888,0.2767820351271899,滞销,192,Lumpy,0.0005588226275297,明星品(量大且利厚),0.0019064957938982,0.0013476731663684,滞销,Lumpy,弱季节型(全年均衡),活跃在架,0.282025819265144,0.2613624627606752,True,1.9007274161564125,0.10454498510427009,9.565260342259645
102900005115199,2020-11-11,2023-04-23,894,151,333.22300000000007,10547.7653,1536.6041653115922,0.3727326621923938,2.2067748344370868,2.1990706678721823,2.2067748344370868,2.1990706678721823,12.849,26.311390728476823,31.653773298961948,0.1046,4.611338849093825,1536,四川红香椿,花叶类,0.168903803131991,5.8998603850206335,0.996508856977758,5.920529801324503,0.9930299020351177,0.1449304687629573,0.1456805419543789,0.2169420572916667,0.8704127482078562,0.2749224141537862,滞销,193,Lumpy,0.0007075160050964,引流品(量大但利薄),0.0015305536168807,0.0008230376117842,滞销,Lumpy,强季节-4月峰,活跃在架,0.168903803131991,0.3727326621923938,True,1.718796605493951,0.14909306487695753,6.707220089849739
102900011034705,2023-01-06,2023-01-19,14,4,8.0,90.1,30.91925582422436,0.5714285714285714,2.0,1.1547005383792517,2.0,1.1547005383792517,3.0,6.7,11.2625,0.0943,3.864906978028045,8,菌菇火锅套餐(份),食用菌,0.2857142857142857,2.0207259421636903,0.5773502691896257,3.5,0.3333333333333333,0.3310462515125481,0.3431659913898375,1.0,,0.2738743495316966,滞销,194,Intermittent,1.6986006490463487e-05,利润品(量小但利厚),3.0797507843166815e-05,1.3811501352703328e-05,滞销,Intermittent,强季节-1月峰,活跃在架,0.2857142857142857,0.5714285714285714,True,2.208518273158883,0.22857142857142856,4.375
102900011007044,2020-09-29,2023-04-29,943,141,287.0,1220.5,283.1128109178957,0.3043478260869565,2.0354609929078014,1.359681409730816,2.0354609929078014,1.359681409730816,7.0,3.043687943262411,4.252613240418119,0.0914,0.9864557871703682,289,银耳(朵),食用菌,0.1495227995758218,4.4675246319726805,0.6679967901464984,6.687943262411348,0.446219711646025,0.1828981243453859,0.2319646136156457,0.9930795847750864,0.9058444148124434,0.270312936275378,滞销,195,Intermittent,0.0006093729828453,引流品(量大但利薄),0.0002819980229897,-0.0003273749598556,滞销,Intermittent,弱季节型(全年均衡),活跃在架,0.1495227995758218,0.3043478260869565,True,0.30022567435619896,0.1217391304347826,8.214285714285715
102900011032350,2022-02-19,2023-02-17,364,101,76.59599999999999,1228.7949999999998,505.9821480622722,0.2104285714285714,0.7583762376237623,0.5423718070011595,0.7583762376237623,0.5423718070011595,3.4530000000000003,8.513663366336633,16.042547913729177,0.0943,6.6058560246262505,289,灯笼椒(2),辣椒类,0.2774725274725275,2.577462762395192,0.7151751071481163,3.603960396039604,0.5114754338843196,0.2795277173843949,0.4117710017230476,0.265038062283737,0.5854491516986267,0.2690895011935719,滞销,196,Lumpy,0.0001626325191429,利润品(量小但利厚),0.0005039897875304,0.0003413572683874,滞销,Lumpy,弱季节型(全年均衡),活跃在架,0.2774725274725275,0.2104285714285714,True,1.3900608463249238,0.08417142857142856,11.88051595383571
102900005123880,2020-07-01,2023-04-03,1007,217,212.043,2675.0713,927.0027688657822,0.2105690168818272,0.9771566820276498,0.8761136634381489,0.9771566820276498,0.8761136634381489,5.758,6.442764976958525,12.615702003838845,0.1632999999999999,4.37176784362503,673,灯笼椒(1),辣椒类,0.2154915590863952,4.160695986579213,0.8965948650324618,4.640552995391705,0.8038823520025783,0.1937723133857481,0.3465338545801684,0.3150713224368499,0.9016426350832868,0.2596764806625794,滞销,198,Lumpy,0.0004502204717821,利润品(量小但利厚),0.0009233525931893,0.0004731321214071,滞销,Lumpy,弱季节型(全年均衡),活跃在架,0.2154915590863952,0.2105690168818272,True,0.9205588568677081,0.08422760675273087,11.87259187994888
102900011035849,2023-03-07,2023-04-05,30,4,16.538,116.564,56.88714000000001,0.5512666666666667,4.1345,2.749562086345145,4.1345,2.749562086345145,7.199,3.58,7.048252509372355,0.0,3.439783528842666,39,大白菜秧,花叶类,0.1333333333333333,4.987716930121801,0.6650289240162401,7.5,0.4422634697781981,0.1670085629748796,0.4880335266463059,0.424051282051282,,0.2396765948260629,滞销,203,Intermittent,3.5114321917410646e-05,利润品(量小但利厚),5.6663140610024014e-05,2.1548818692613368e-05,滞销,Intermittent,强季节-4月峰,活跃在架,0.1333333333333333,0.5512666666666667,True,1.8962380000000003,0.22050666666666668,4.535010279356633
102900011027479,2021-07-15,2023-05-26,681,81,163.64,1921.8562,674.712712213824,0.2402936857562408,2.0202469135802468,1.7402916388558571,2.0202469135802468,1.7402916388558571,7.579,7.273827160493828,11.744415790760206,0.0871,4.123152726801663,641,小皱皮,辣椒类,0.118942731277533,7.242352762532626,0.861425218451017,8.407407407407407,0.7420534069833824,0.1213245815619192,0.3510734633599663,0.2552886115444617,0.931489200152383,0.2386153204736676,滞销,204,Lumpy,0.0003474487627624,利润品(量小但利厚),0.0006720559564699,0.0003246071937075,滞销,Lumpy,弱季节型(全年均衡),活跃在架,0.118942731277533,0.2402936857562408,True,0.9907675656590661,0.09611747430249631,10.403935468100709
102900011008485,2021-06-23,2023-04-28,675,14,51.735,370.363,139.92677971014493,0.0766444444444444,3.695357142857143,2.8632387419505543,3.695357142857143,2.8632387419505543,10.388,4.789285714285714,7.158847975258529,0.1375,2.7046830909470363,104,芥菜,花叶类,0.0207407407407407,37.357420524144665,0.7748205738341115,48.21428571428572,0.6003469216366218,0.0260705747762818,0.3778098236328816,0.4974519230769231,1.090625330711854,0.2174014432946283,滞销,210,Lumpy,0.000109846380723,利润品(量小但利厚),0.0001393758025772,2.9529421854223623e-05,滞销,Lumpy,弱季节型(全年均衡),活跃在架,0.0207407407407407,0.0766444444444444,True,0.2072989329039183,0.030657777777777763,32.61815018846044
102900011001691,2020-08-10,2023-06-30,1055,105,126.422,1762.1858,473.9888091824317,0.119831279620853,1.2040190476190475,0.9621660157900984,1.2040190476190475,0.9621660157900984,4.837,9.87847619047619,13.938917277056207,0.0960999999999999,3.749258904165665,307,菱角,水生根茎类,0.0995260663507109,8.029339408161189,0.7991285666890283,10.047619047619047,0.6386064660984608,0.1107500731555342,0.2689777713464901,0.4117980456026058,0.6184910977189055,0.2085755680831089,滞销,212,Lumpy,0.0002684256140671,问题品(量小且利薄),0.0004721224259521,0.000203696811885,滞销,Lumpy,弱季节型(全年均衡),活跃在架,0.0995260663507109,0.119831279620853,True,0.44927849211604876,0.0479325118483412,20.8626663080793
102900011031216,2022-12-08,2023-06-17,192,23,29.0,255.4,48.00539817086775,0.1510416666666666,1.2608695652173914,0.4489777585448795,1.2608695652173914,0.4489777585448795,2.0,6.309565217391306,8.806896551724138,0.1033999999999999,1.6553585576161294,29,冰草(盒),花叶类,0.1197916666666666,2.972542401400581,0.3560858085011113,8.347826086956522,0.1267971030158901,0.2517279613296096,0.1879616216557077,1.0,0.5883484054145521,0.2064676708588745,滞销,213,Intermittent,6.157427352793014e-05,问题品(量小且利薄),4.781637161924591e-05,-1.3757901908684236e-05,滞销,Intermittent,弱季节型(全年均衡),活跃在架,0.1197916666666666,0.1510416666666666,True,0.2500281154732694,0.06041666666666664,16.551724137931043
102900005115977,2020-11-21,2023-03-02,832,39,85.04800000000002,1134.0808,359.95020200785683,0.1022211538461538,2.180717948717949,2.0298329066403205,2.180717948717949,2.0298329066403205,7.924,10.174102564102563,13.334596933496377,0.0836,4.232318243907637,391,豌豆尖,花叶类,0.046875,19.85726858156272,0.9308094647607524,21.33333333333333,0.8664062596881986,0.0479449164730982,0.3173937888798195,0.2175140664961637,1.2079736180112688,0.2041531834599142,滞销,215,Lumpy,0.0001805782350001,问题品(量小且利薄),0.0003585328583749,0.0001779546233748,滞销,Lumpy,弱季节型(全年均衡),活跃在架,0.046875,0.1022211538461538,True,0.432632454336366,0.04088846153846152,24.456777349261607
102900005116639,2021-03-09,2023-06-12,826,93,94.315,868.8514,285.72967023350714,0.114182808716707,1.0141397849462366,0.7271744840461466,1.0141397849462366,0.7271744840461466,4.011,6.173440860215052,9.212229231829507,0.1177999999999999,3.0295252105551307,313,马齿苋,花叶类,0.1125907990314769,6.368511093909952,0.7170357527041471,8.881720430107526,0.5141402706560028,0.1357126273212096,0.328859077896988,0.3013258785942492,0.8203001986129312,0.2022229189388894,滞销,216,Lumpy,0.0002002544002685,问题品(量小且利薄),0.000284604578133,8.435017786456402e-05,滞销,Lumpy,强季节-4月峰,活跃在架,0.1125907990314769,0.114182808716707,True,0.34591969761925795,0.0456731234866828,21.894714520489853
102900011007969,2020-08-07,2023-06-30,1058,96,100.469,1073.3308000000002,255.06454115389224,0.094961247637051,1.0465520833333335,0.8766021466860331,1.0465520833333335,0.8766021466860331,4.739,6.518229166666667,10.68320377429854,0.1663,2.5387387269097155,353,红莲藕带,水生根茎类,0.0907372400756143,9.231156587542657,0.8376096714594469,11.020833333333334,0.7015899617224025,0.0977406602512162,0.2376383321468947,0.284614730878187,0.8796318690626516,0.1947258986340693,滞销,218,Lumpy,0.0002133208857612,问题品(量小且利薄),0.0002540601963824,4.07393106211235e-05,滞销,Lumpy,弱季节型(全年均衡),活跃在架,0.0907372400756143,0.094961247637051,True,0.24108179693184506,0.037984499054820396,26.326528580955333
102900011018132,2020-11-11,2023-06-30,962,23,50.815000000000005,734.5600000000002,177.93631428244188,0.0528222453222453,2.209347826086957,1.7770369262213297,2.209347826086957,1.7770369262213297,6.210999999999999,10.286521739130434,14.455574141493656,0.1268999999999999,3.50164940042196,75,野生粉藕,水生根茎类,0.0239085239085239,33.64182865344719,0.8043264646874068,41.82608695652174,0.6469410617965422,0.0288668363903038,0.2422352350828276,0.6775333333333334,0.7993901463940346,0.1875878721961259,滞销,219,Lumpy,0.0001078929899766,问题品(量小且利薄),0.0001772356704136,6.934268043704182e-05,滞销,Lumpy,弱季节型(全年均衡),活跃在架,0.0239085239085239,0.0528222453222453,True,0.18496498366158193,0.021128898128898118,47.32854472104696
102900011002414,2021-02-22,2023-03-11,748,96,45.252,609.8486,273.75594497290786,0.0604973262032085,0.4713749999999999,0.2822156790004486,0.4713749999999999,0.2822156790004486,1.239,6.118125,13.476721470874216,0.1694999999999999,6.049587752428796,177,田七,花叶类,0.1283422459893048,4.664928133393785,0.5987073540184538,7.791666666666667,0.3584504957557781,0.1765247460254916,0.4488916510965309,0.2556610169491525,0.4519820633586661,0.1807270198334729,滞销,220,Intermittent,9.608134571330671e-05,利润品(量小但利厚),0.0002726780007367,0.0001765966550234,滞销,Intermittent,弱季节型(全年均衡),活跃在架,0.1283422459893048,0.0604973262032085,True,0.36598388365361983,0.024198930481283402,41.32414036948647
102900011030608,2021-12-30,2023-03-03,429,24,34.0,280.79999999999995,64.96458852867833,0.0792540792540792,1.4166666666666667,1.0754843869934452,1.4583333333333333,0.9770927002733856,4.0,5.7636,8.258823529411764,0.198,1.910723192019951,36,牛排菇(盒),食用菌,0.0559440559440559,13.57008241235847,0.6700064230446073,17.875,0.4489086069210293,0.0686337916079178,0.231355372253128,0.9444444444444444,0.7071067811865475,0.1635589157610579,滞销,222,Intermittent,7.219052758446983e-05,问题品(量小且利薄),6.470878329395454e-05,-7.481744290515293e-06,滞销,Intermittent,弱季节型(全年均衡),活跃在架,0.0559440559440559,0.0792540792540792,True,0.15143260729295638,0.03170163170163168,31.544117647058847
102900011029305,2022-02-05,2023-01-19,349,30,28.570999999999994,629.4794,150.67757671809258,0.0818653295128939,0.9523666666666664,0.504008858935096,0.9523666666666664,0.504008858935096,1.818,16.511333333333333,22.03210948164223,0.0018,5.273794292047622,133,水果辣椒,辣椒类,0.0859598853868194,6.156560560300603,0.529217240140453,11.633333333333333,0.2800708872618779,0.1397319273097852,0.2393685587139032,0.2148195488721804,0.7084638910675329,0.1620969358303804,滞销,223,Intermittent,6.066339892987903e-05,问题品(量小且利薄),0.0001500842671358,8.942086820597908e-05,滞销,Intermittent,弱季节型(全年均衡),活跃在架,0.0859598853868194,0.0818653295128939,True,0.4317409075016976,0.032746131805157556,30.537958069371072
102900011026618,2022-06-01,2023-06-22,387,4,10.512,43.32,11.15251405268379,0.0271627906976744,2.628,1.8057072483286611,2.628,1.8057072483286611,4.874,2.7025,4.121004566210045,0.0926999999999999,1.060931702119843,27,艾蒿,花叶类,0.0103359173126615,66.47723602579832,0.6871032147369335,96.75,0.4721108277018285,0.0148198127086544,0.257444922730466,0.3893333333333333,,0.1619789139667015,滞销,224,Intermittent,2.2319612528469024e-05,问题品(量小且利薄),1.1108599798170384e-05,-1.1211012730298642e-05,滞销,Intermittent,弱季节型(全年均衡),活跃在架,0.0103359173126615,0.0271627906976744,True,0.02881786576920874,0.01086511627906976,92.03767123287678
102900051009336,2020-08-31,2023-06-02,1006,82,39.977,1155.1683999999998,424.2104403079711,0.0397385685884691,0.4875243902439024,0.3316347174490705,0.4875243902439024,0.3316347174490705,1.734,16.628780487804878,28.89582509943217,0.1168,10.611362541160444,321,虫草花,食用菌,0.0815109343936381,8.345411755603596,0.6802423100989016,12.268292682926829,0.4627296004486901,0.1070043809894615,0.3672282243073573,0.1245389408099688,0.8674079396462443,0.1530629002988714,滞销,227,Intermittent,8.488119768365736e-05,利润品(量小但利厚),0.0004225400648971,0.0003376588672134,滞销,Intermittent,弱季节型(全年均衡),活跃在架,0.0815109343936381,0.0397385685884691,True,0.4216803581590161,0.01589542743538764,62.91117392500701
102900011007464,2020-09-14,2023-06-10,1000,84,30.172000000000004,583.935,200.30054178145087,0.030172,0.3591904761904762,0.2954860596956636,0.3591904761904762,0.2954860596956636,1.48,15.116071428571429,19.35353970568739,0.1288,6.6386232858760055,234,紫苏,花叶类,0.084,9.793386573500715,0.8226444721740601,11.904761904761903,0.676743927598538,0.0926493268067634,0.3430185581981743,0.1289401709401709,1.0006868476023505,0.1397010488781706,滞销,230,Lumpy,6.406272347878305e-05,利润品(量小但利厚),0.0001995118362994,0.0001354491128207,滞销,Lumpy,弱季节型(全年均衡),活跃在架,0.084,0.030172,True,0.20030054178145085,0.012068800000000001,82.85827919925758
102900051010790,2021-02-22,2023-05-26,824,53,27.022,446.0582,173.3247630440189,0.0327936893203883,0.5098490566037736,0.3248978180329231,0.5098490566037736,0.3248978180329231,1.482,7.889056603773584,16.50722374361631,0.1957999999999999,6.414209275553953,153,紫贝菜,花叶类,0.0643203883495145,9.907327439091432,0.6372431483881625,15.547169811320757,0.4060788301676577,0.0916814871089355,0.3885698391914304,0.1766143790849673,0.7206017098878577,0.1356215169715517,滞销,231,Intermittent,5.737448342316305e-05,利润品(量小但利厚),0.000172642277667,0.0001152677942438,滞销,Intermittent,强季节-4月峰,活跃在架,0.0643203883495145,0.0327936893203883,True,0.21034558621846924,0.01311747572815532,76.2341795573978
102900011008676,2020-11-09,2023-02-10,824,14,15.887,92.0884,13.495862686567165,0.0192803398058252,1.1347857142857145,0.731689528375298,1.1347857142857145,0.731689528375298,2.588,5.425714285714285,5.796462516522944,0.1156,0.8494909477287823,38,荠菜,花叶类,0.0169902912621359,37.95003281810572,0.644782110987233,58.85714285714285,0.4157439706491525,0.0256739193178588,0.1465533409915599,0.418078947368421,0.7749251153544836,0.1256226043861578,滞销,233,Intermittent,3.373208563924918e-05,问题品(量小且利薄),1.344272123827163e-05,-2.0289364400977548e-05,滞销,Intermittent,弱季节型(全年均衡),活跃在架,0.0169902912621359,0.0192803398058252,True,0.016378474134183415,0.00771213592233008,129.6657644615097
102900011008133,2021-02-05,2023-02-25,751,19,14.227,286.49060000000003,28.52653192097123,0.0189440745672436,0.7487894736842106,0.6403831820738588,0.7487894736842106,0.6403831820738588,3.013,17.76105263157895,20.13710550361988,0.1598,2.0050981880207512,35,丝瓜尖,花叶类,0.0252996005326231,33.803877819460745,0.8552246052859575,39.526315789473685,0.7314091254865217,0.0287324304833884,0.0995723137896015,0.4064857142857143,1.0110511542435674,0.1097961330176129,滞销,236,Lumpy,3.020748929247801e-05,问题品(量小且利薄),2.841420555426641e-05,-1.7932837382115945e-06,滞销,Lumpy,弱季节型(全年均衡),活跃在架,0.0252996005326231,0.0189440745672436,True,0.03798472958851014,0.00757762982689744,131.96738595628082
102900011008515,2021-03-11,2023-04-03,754,33,12.936,117.8972,22.526764220183487,0.01715649867374,0.392,0.3020300067874052,0.392,0.3020300067874052,1.203,6.595757575757576,9.113883735312308,0.128,1.7414010683506098,63,面条菜,花叶类,0.0437665782493368,17.604408249667866,0.7704847111923602,22.848484848484848,0.5936466901811747,0.053750701800357,0.191071240200645,0.2053333333333333,0.9210070444661874,0.1003764281872079,滞销,237,Lumpy,2.746637249507946e-05,问题品(量小且利薄),2.2438062600740958e-05,-5.028309894338506e-06,滞销,Lumpy,强季节-4月峰,活跃在架,0.0437665782493368,0.01715649867374,True,0.029876345119606657,0.006862599469496,145.71737786023544
102900011033173,2022-04-16,2023-05-16,396,20,9.300000000000002,174.07080000000002,63.11219423076923,0.0234848484848484,0.4650000000000001,0.3985710000806169,0.4650000000000001,0.3985710000806169,1.375,10.102000000000002,18.71729032258064,0.168,6.786257444168732,41,槐花,花叶类,0.0505050505050505,16.971410326013363,0.8571419356572405,19.8,0.734692297862241,0.0556439356655562,0.3625662329969714,0.226829268292683,0.6149160394209847,0.0931557379837761,滞销,239,Lumpy,1.974623254516381e-05,利润品(量小但利厚),6.286368300296381e-05,4.31174504578e-05,滞销,Lumpy,弱季节型(全年均衡),活跃在架,0.0505050505050505,0.0234848484848484,True,0.15937422785547722,0.00939393939393936,106.45161290322619
102900011029299,2022-06-18,2023-01-20,217,10,6.843000000000001,119.5854,30.31784,0.0315345622119815,0.6843000000000001,0.566337561294793,0.6843000000000001,0.566337561294793,1.965,12.735,17.4755808855765,0.0,4.430489551366359,29,紫螺丝椒,辣椒类,0.0460829493087557,17.959265059326327,0.8276159013514436,21.7,0.6849480801697624,0.0527446605588799,0.2535245941394183,0.2359655172413793,0.6348304708414749,0.0910077240050199,滞销,240,Lumpy,1.4529405301780208e-05,问题品(量小且利薄),3.0198460160103145e-05,1.5669054858322937e-05,滞销,Lumpy,强季节-1月峰,活跃在架,0.0460829493087557,0.0315345622119815,True,0.13971354838709646,0.0126138248847926,79.27809440303977
102900011007471,2021-03-31,2023-06-10,802,31,7.568,133.5048,40.5222815498155,0.0094364089775561,0.2441290322580645,0.1700895336649659,0.2441290322580645,0.1700895336649659,0.746,10.717419354838707,17.640697674418604,0.1328,5.354424094848771,69,薄荷叶,花叶类,0.0386533665835411,18.02481580329053,0.6967198128453944,25.870967741935484,0.4854184976113214,0.0525629267762498,0.3035267761894367,0.1096811594202898,0.5587249660872005,0.0791124509431303,滞销,242,Intermittent,1.606876213997846e-05,问题品(量小且利薄),4.036272059548392e-05,2.4293958455505466e-05,滞销,Intermittent,强季节-4月峰,活跃在架,0.0386533665835411,0.0094364089775561,True,0.05052653559827364,0.00377456359102244,264.93128964059224
102900011007495,2021-08-16,2023-04-08,601,18,4.232,123.9155,31.626239771646052,0.0070415973377703,0.2351111111111111,0.2320222831309119,0.2351111111111111,0.2320222831309119,0.936,19.0,29.28060018903592,0.1592,7.473119038668727,31,蒲公英,花叶类,0.0299500831946755,32.95023444274056,0.9868622628441432,33.388888888888886,0.9738971258258626,0.0294548775999343,0.2552242437116103,0.136516129032258,0.851989152855352,0.0567384699368853,滞销,243,Lumpy,8.985597433455187e-06,问题品(量小且利薄),3.150170796329564e-05,2.251611052984045e-05,滞销,Lumpy,弱季节型(全年均衡),活跃在架,0.0299500831946755,0.0070415973377703,True,0.052622695127530254,0.00281663893510812,355.0330812854484
102900005128748,2021-08-20,2023-05-13,632,6,1.784,127.60759999999998,-7.323395066778981,0.0028227848101265,0.2973333333333333,0.230022317757792,0.2973333333333333,0.230022317757792,0.67,55.30833333333334,71.52892376681613,0.1689,-4.105042077790909,11,黄花菜,花叶类,0.0094936708860759,81.48772691867971,0.773617660620377,105.33333333333331,0.5984842848237447,0.0121230155970456,-0.0573899600555059,0.1621818181818181,0.6649284819578763,0.0316693590828637,滞销,245,Lumpy,3.787879447373358e-06,问题品(量小且利薄),-7.294558390730375e-06,-1.1082437838103731e-05,滞销,Lumpy,弱季节型(全年均衡),活跃在架,0.0094936708860759,0.0028227848101265,True,-0.011587650422118304,0.0011291139240505999,885.6502242152725
102900011011058,2022-08-28,2023-05-26,272,3,1.084,81.14439999999999,4.867476923076912,0.003985294117647,0.3613333333333333,0.2396024485128091,0.3613333333333333,0.2396024485128091,0.638,64.41333333333334,74.85645756457563,0.1017,4.490292364462095,4,黑牛肝菌,食用菌,0.0110294117647058,60.12164759731003,0.6631064073232724,90.66666666666669,0.4397101074331777,0.0163608155098883,0.0599853708090381,0.271,0.6840846999386134,0.0267173521087026,滞销,246,Intermittent,2.301603879457803e-06,问题品(量小且利薄),4.848310695674876e-06,2.546706816217073e-06,滞销,Intermittent,弱季节型(全年均衡),活跃在架,0.0110294117647058,0.003985294117647,True,0.017895135746606027,0.0015941176470588001,627.3062730627398
